loanId,borrowerId,loanType,loanPurpose,originationDate,maturityDate,originalPrincipal,currentBalance,interestRate,termMonths,paymentAmount,paymentStatus,daysPastDue,lastPaymentDate,borrowerState,borrowerZip,creditScore,creditGrade,employmentLength,incomeBand,appraisedValue,servicerId,servicerName,lastUpdatedAt,documentStatus,sourceSystem,verificationStatus,version,recordHash
LN-000001,B-00390,FIXED,Debt consolidation,2024-08-03,2054-08-03,352000.00,278293.02,4.4840,360,1780.19,CURRENT,0,2026-07-02,WA,74304,682,B,10+ years,50-75k,424000.00,SVC-06,SVC-06 Servicing LLC,2026-07-18T00:00:00.000Z,MISSING,SHAWBROOK,REJECTED,2,e701cdd69b726ca257f942e24bd8a104f821260c4dc2e7ce7c526915de7d6cf9
LN-000002,B-00369,FIXED,Purchase,2022-07-09,2042-07-09,105000.00,84589.08,7.5360,240,848.19,CURRENT,0,2026-06-13,NY,31631,,B+,7 years,150-250k,163000.00,SVC-05,SVC-05 Servicing LLC,2026-07-23T00:00:00.000Z,COMPLETE,LEGACY-AS400,VERIFIED,1,9fb72eafb443c78aa453e9213b481072467df88b0bd6d4fd9899be7b813fd382
LN-000003,B-00171,PERSONAL,Debt consolidation,2021-05-22,2051-05-22,550500.00,464905.23,7.8770,360,3992.27,CURRENT,0,2026-07-08,GA,29745,634,C+,5 years,250k+,645000.00,SVC-01,SVC-01 Servicing LLC,2026-07-26T00:00:00.000Z,COMPLETE,SHAWBROOK,VERIFIED,1,3c1224883ada97cf56325b06ee74b1cd88215c5b64f00363bb46707bfcfd826a
LN-000004,B-00349,PERSONAL,Purchase,2020-04-12,2040-12-04,669000.00,533787.15,5.3370,240,4540.59,CURRENT,0,2026-07-06,MI,03208,716,B-,< 1 year,<50k,927000.00,SVC-06,SVC-06 Servicing LLC,2026-07-11T00:00:00.000Z,COMPLETE,LEGACY-AS400,VERIFIED,1,ad28cbc2ede4b204321d1d23ed4cd3672e613330a06f56e076995cd1424da256
LN-000005,B-00063,ARM,Refinance,2020-06-12,2027-06-12,506500.00,347267.18,7.1450,84,7680.39,CURRENT,0,2026-06-28,CA,08681,622,A-,3 years,250k+,804000.00,SVC-01,SVC-01 Servicing LLC,2026-07-15T00:00:00.000Z,COMPLETE,SHAWBROOK,VERIFIED,1,b2e1d554875646697bef10ffb37b8ccaa39d9d1179b1d39d4f6dca25544e4ba2
LN-000006,B-00435,AUTO,Debt consolidation,2017-11-01,2047-11-01,184000.00,93590.13,7.4570,360,1281.14,CURRENT,0,2026-06-16,WA,64563,,B-,< 1 year,75-100k,281000.00,SVC-02,SVC-02 Servicing LLC,2026-07-16T00:00:00.000Z,COMPLETE,SHAWBROOK,VERIFIED,1,ba371a5ca9890c6fd53b7647ed19083037f6c2fb128dc90802d45cb0ada7589e
LN-000007,B-00445,ARM,Cash-out refi,2017-10-19,2047-10-19,74500.00,36976.45,7.0170,360,496.50,CURRENT,0,2025-12-03,NJ,14731,702,A,2 years,250k+,89000.00,SVC-02,SVC-02 Servicing LLC,2026-01-01T00:00:00.000Z,COMPLETE,FISERV,VERIFIED,1,7943492d7d311f0159ea8cd5a26d2d66edc522b163a68149590947495a01f327
LN-000008,B-00077,AUTO,Debt consolidation,2018-04-01,2048-04-01,641500.00,541201.51,7.8610,360,4645.09,DELINQUENT,45,2026-05-30,VA,04800,697,A,2 years,100-150k,766000.00,SVC-04,SVC-04 Servicing LLC,2026-07-06T00:00:00.000Z,COMPLETE,ENCOMPASS,VERIFIED,2,e136382dc42707af1a65d94c3dc51f53046946610eac38a5fbb39da02372915f
LN-000009,B-00215,ARM,Refinance,,2026-12-04,46500.00,32294.80,6.2350,60,904.07,CURRENT,0,2026-07-11,NY,23979,636,B+,< 1 year,<50k,72000.00,SVC-02,SVC-02 Servicing LLC,2026-07-20T00:00:00.000Z,COMPLETE,SHAWBROOK,REJECTED,1,91e3ccdd4e53ea55e73ea4baa09192f0bbfc5b4b9c8e60a94ba48b96f979ab3e
LN-000010,B-00104,AUTO,Purchase,2020-12-24,2035-12-24,571000.00,417337.44,5.5620,180,4684.35,CURRENT,0,2026-07-11,,08302,,B-,3 years,50-75k,805000.00,SVC-03,SVC-03 Servicing LLC,2026-07-30T00:00:00.000Z,COMPLETE,BLACKKNIGHT,VERIFIED,1,0d445102ff79e40cae28f9b6bfa116227cdc8c8b02b065338fea21a2bb1b95e1
LN-000011,B-00356,ARM,Purchase,2018-01-12,2025-12-01,845500.00,787686.89,4.5670,84,11778.95,CURRENT,0,2026-07-08,TN,43521,759,B+,7 years,100-150k,967000.00,SVC-03,SVC-03 Servicing LLC,2026-07-28T00:00:00.000Z,COMPLETE,SHAWBROOK,VERIFIED,1,efdd8bf83679935ab20f9c9d9a90d3e277ad3b64582d9320ba90a31caf3cdd44
LN-000012,B-00315,ARM,Home improvement,2022-05-11,2042-05-11,120500.00,98014.76,7.4260,240,965.29,CURRENT,0,2026-06-13,MI,26797,798,B,10+ years,150-250k,178000.00,SVC-06,SVC-06 Servicing LLC,2026-07-12T00:00:00.000Z,COMPLETE,ENCOMPASS,VERIFIED,2,6f965ef4a19d3185bb176c3a94706a2f837852737648440eae2069575c6977f2
LN-000013,B-00230,ARM,Debt consolidation,2020-09-21,2030-09-21,281000.00,200303.61,4.3200,120,2887.92,CURRENT,0,2026-06-20,VA,28124,735,C+,5 years,100-150k,370000.00,SVC-04,SVC-04 Servicing LLC,2026-07-09T00:00:00.000Z,COMPLETE,SHAWBROOK,VERIFIED,1,69dc6108d4a51e7003ae857f9fe75515c0142c004c691923091fd15e0a71d442
LN-000014,B-00045,AUTO,Refinance,2020-03-06,2025-03-06,166500.00,166500.00,7.1280,60,3306.96,CURRENT,0,2026-07-16,TX,17032,,C,1 year,250k+,241000.00,SVC-02,SVC-02 Servicing LLC,2026-07-21T00:00:00.000Z,COMPLETE,SHAWBROOK,VERIFIED,2,2a43016d1337a1769c14ceab27c9420c7d2e6cfb6a10945e2febc5aa7e19875c
LN-000015,B-00059,HELOC,Debt consolidation,2023-03-08,2053-03-08,198500.00,129526.60,5.9500,360,1183.73,CURRENT,0,2026-06-19,NY,22030,747,A,< 1 year,<50k,231000.00,SVC-05,SVC-05 Servicing LLC,2026-07-13T00:00:00.000Z,COMPLETE,BLACKKNIGHT,VERIFIED,1,443fede320b3d1c33d5990013c893637c6f348652e8200e6fcf865c3cbd6475f
LN-000016,B-00331,ARM,Debt consolidation,2022-04-23,,66500.00,49108.31,6.5790,120,757.77,CURRENT,0,2026-06-04,WI,96464,595,B+,3 years,75-100k,95000.00,SVC-03,SVC-03 Servicing LLC,2026-07-17T00:00:00.000Z,COMPLETE,BLACKKNIGHT,REJECTED,1,14c7b935f96692044c12dbf356b77970fa72c4be8856a220462898148eaa7275
LN-000017,B-00033,ARM,Home improvement,2015-10-26,2030-10-26,68500.00,31397.77,5.2330,180,550.04,CURRENT,0,2026-06-25,AZ,94878,748,B-,3 years,250k+,89000.00,SVC-01,SVC-01 Servicing LLC,2026-07-10T00:00:00.000Z,COMPLETE,SHAWBROOK,VERIFIED,1,a4e9c39ba203c5564c5a67200665abd29445308a391a428ea9ecbcc5ee369caf
LN-000018,B-00248,ARM,Cash-out refi,2016-07-25,2046-07-25,233500.00,189680.13,6.7840,360,1519.76,CURRENT,0,2026-07-13,IL,32411,,A-,10+ years,<50k,348000.00,SVC-04,SVC-04 Servicing LLC,2026-07-23T00:00:00.000Z,COMPLETE,FISERV,VERIFIED,2,abf13ba46e048f942272fae65b5131b97ac39f2009091b7910a1113a6bc20ff9
LN-000019,B-00445,HELOC,Debt consolidation,2015-08-14,2022-08-14,438000.00,414386.98,7.1750,84,6648.13,DELINQUENT,60,2026-06-16,OH,88614,616,B-,1 year,100-150k,692000.00,SVC-03,SVC-03 Servicing LLC,2026-07-26T00:00:00.000Z,COMPLETE,FISERV,VERIFIED,1,3aa4bbfac5d30442e01751e918ee21d25aba425c96253a09a49d6d9f629a1c0d
LN-000020,B-00435,ARM,Purchase,2022-08-23,2032-08-23,253500.00,222501.40,7.6190,120,3024.86,CURRENT,0,2026-06-23,PA,93215,607,B-,10+ years,<50k,300000.00,SVC-06,SVC-06 Servicing LLC,2026-07-31T00:00:00.000Z,COMPLETE,SHAWBROOK,VERIFIED,2,f5d29ce24987701f78a27388e7eb577e65f13fb2b4b4347047eac488de5b6337
LN-000021,B-00064,PERSONAL,Debt consolidation,2018-08-14,2048-08-14,467000.00,356223.25,4.9310,360,2487.30,CURRENT,0,2026-07-10,WI,21336,636,A,< 1 year,75-100k,695000.00,SVC-05,SVC-05 Servicing LLC,2026-07-30T00:00:00.000Z,COMPLETE,SHAWBROOK,VERIFIED,1,b4fae0c252fc11680edc39ebb5165896bef2a429c2b21929decdc879c0f938d6
LN-000022,B-00048,FIXED,Home improvement,2021-11-14,2051-11-14,657000.00,438529.55,4.3630,360,3275.66,CURRENT,0,2026-06-15,AZ,02354,,C+,10+ years,<50k,1023000.00,SVC-01,SVC-01 Servicing LLC,2026-07-16T00:00:00.000Z,COMPLETE,FISERV,VERIFIED,2,4ae1fa0b8621e9b7e3904753b767d715c14762b8d1eae111758aa283364ae2c3
LN-000023,B-00011,AUTO,Purchase,2018-04-28,2048-04-28,538000.00,279015.73,5.6670,360,3111.31,CURRENT,0,2026-06-03,MD,98754,685,B-,10+ years,150-250k,758000.00,SVC-01,SVC-01 Servicing LLC,2026-07-13T00:00:00.000Z,COMPLETE,ENCOMPASS,VERIFIED,1,cf33643bc6f52b26d848f6816acc48a1bc758e5b6054c88ce3ae79c71cc56e3f
LN-000024,B-00335,ARM,Cash-out refi,2016-06-26,2036-06-26,189000.00,0.00,7.1130,240,1478.16,PAID_OFF,0,2026-07-30,NY,96377,763,C+,5 years,<50k,300000.00,SVC-02,SVC-02 Servicing LLC,2026-07-31T00:00:00.000Z,COMPLETE,BLACKKNIGHT,VERIFIED,2,9b36f0f479c07a59e8f5f0b41cf7e1bd23b700e32bb6fa1c8f07fa3a191ea292
LN-000025,B-00402,HELOC,Cash-out refi,2018-04-14,2048-04-14,773000.00,513948.98,7.2700,360,5283.71,CURRENT,0,2026-05-31,PA,27045,752,A,2 years,150-250k,1141000.00,SVC-02,SVC-02 Servicing LLC,2026-07-13T00:00:00.000Z,COMPLETE,SHAWBROOK,VERIFIED,1,77d368166c84c6212857f0caf034a9d57179c58681a2913046b67b631ea9785a
LN-000026,B-00122,HELOC,Home improvement,2047-11-11,2017-11-11,670000.00,380093.12,5.2970,360,3719.29,CURRENT,0,2026-07-12,MA,28578,,C+,1 year,<50k,873000.00,SVC-06,SVC-06 Servicing LLC,2026-07-14T00:00:00.000Z,COMPLETE,BLACKKNIGHT,REJECTED,1,67fdc2d239ec498d8e6ce47662a94219618b87c3c8b385d89bd192dfc09b64cb
LN-000027,B-00434,HELOC,Refinance,2019-05-21,2049-05-21,770500.00,604049.97,4.8570,360,4069.14,DELINQUENT,60,2026-07-05,CA,67943,738,B,5 years,150-250k,1211000.00,SVC-02,SVC-02 Servicing LLC,2026-07-08T00:00:00.000Z,COMPLETE,SHAWBROOK,VERIFIED,2,f3f44830f32f01d6669628c1e59477a66a43f52c94618eb50a0b0a212d251d33
LN-000028,B-00042,AUTO,Debt consolidation,2022-10-10,2042-10-10,179500.00,113120.33,6.5340,240,1341.90,DELINQUENT,-10,2026-07-08,FL,93604,787,C+,5 years,100-150k,218000.00,SVC-01,SVC-01 Servicing LLC,2026-07-18T00:00:00.000Z,COMPLETE,SHAWBROOK,VERIFIED,1,fca2ab430b27f453b3033b45382d3afbcb99475bfa91a9bec83cd543c4a10a00
LN-000029,B-00262,ARM,Debt consolidation,2023-10-15,2043-10-15,579000.00,507550.21,5.6690,240,4038.34,CURRENT,0,2026-07-11,WI,99912,589,B+,2 years,50-75k,887000.00,SVC-02,SVC-02 Servicing LLC,2026-07-21T00:00:00.000Z,COMPLETE,ENCOMPASS,VERIFIED,1,f4c8da7fa459d77cfaa48c8daf0b87d8ec5492e2ba1690174010caa5a9dda276
LN-000030,B-00363,FIXED,Purchase,2018-08-07,2038-08-07,703000.00,468432.67,7.0800,240,5484.16,CURRENT,0,2026-06-28,MA,59339,8500,C+,2 years,250k+,1000000.00,SVC-01,SVC-01 Servicing LLC,2026-07-09T00:00:00.000Z,COMPLETE,BLACKKNIGHT,REJECTED,1,682df51e6adbdf8c5f2a134ed52ef5d840de170fad3b48e73fb477460203a47f
LN-000031,B-00409,FIXED,Refinance,2016-12-07,2036-12-07,160000.00,87228.44,8.2360,240,1361.90,CURRENT,0,2026-06-08,FL,06329,643,A-,< 1 year,75-100k,196000.00,SVC-01,SVC-01 Servicing LLC,2026-07-15T00:00:00.000Z,COMPLETE,ENCOMPASS,VERIFIED,1,59309dae1bfa4108d3641b7fde3d0fae10fb7a1707f5cf9559f2ca84c6abe458
LN-000032,B-00385,AUTO,Home improvement,1900-01-01,2020-10-21,316500.00,202714.14,5.6210,60,6063.21,CURRENT,0,2026-07-04,FL,97976,608,C,5 years,250k+,395000.00,SVC-03,SVC-03 Servicing LLC,2026-07-25T00:00:00.000Z,PARTIAL,SHAWBROOK,VERIFIED,1,77b2b07f35687cd2a5a941c1c1425fac5bbb627e17e42e13a1878b564d568623
LN-000033,B-00364,ARM,Cash-out refi,2019-05-21,2049-05-21,671500.00,563239.07,7.2200,360,4567.16,CURRENT,0,2026-06-03,NC,68052,686,A,1 year,75-100k,766000.00,SVC-05,SVC-05 Servicing LLC,2026-07-16T00:00:00.000Z,COMPLETE,LEGACY-AS400,VERIFIED,1,dd787a079857a977aa8d819aad54ed9306e34bb5bed188b0d0361fb05d9e1762
LN-000034,B-00170,FIXED,Cash-out refi,2024-03-27,2054-03-27,53000.00,,5.0920,360,287.50,CURRENT,0,2026-06-28,TN,46994,,B+,2 years,150-250k,75000.00,SVC-06,SVC-06 Servicing LLC,2026-07-24T00:00:00.000Z,COMPLETE,ENCOMPASS,REJECTED,1,51c24925a14fb4ec11bd7f0329b2a01b84e36acad06b74fbb45d556be97b082d
LN-000035,B-00017,ARM,Purchase,2024-03-17,2054-03-17,333500.00,254410.74,6.5960,360,2129.05,CURRENT,0,2026-07-06,IN,27811,728,B-,1 year,150-250k,405000.00,SVC-05,SVC-05 Servicing LLC,2026-07-24T00:00:00.000Z,COMPLETE,SHAWBROOK,VERIFIED,1,75308761c06e7bc0a3b3bfaff47a654e7dfa7d27728ad9c3b31641f4c3a85ee8
LN-000036,B-00411,HELOC,Cash-out refi,2020-12-01,2030-12-01,654000.00,299968.10,5.0120,120,6940.52,CURRENT,0,2026-06-28,CA,47707,815,C,5 years,150-250k,788000.00,SVC-01,SVC-01 Servicing LLC,2026-07-24T00:00:00.000Z,COMPLETE,LEGACY-AS400,VERIFIED,1,4121911ca1e39ac42f114b73212178fa2de1d0e1d471e47a07f4613ff8b023da
LN-000037,B-00321,PERSONAL,Home improvement,2017-05-19,2047-05-19,663500.00,482872.76,8.2080,360,4965.08,CURRENT,0,2026-07-11,TN,86380,626,C+,5 years,50-75k,840000.00,SVC-04,SVC-04 Servicing LLC,2026-07-14T00:00:00.000Z,COMPLETE,SHAWBROOK,VERIFIED,2,8c8f1987b1cfab64a52a7970f9330c46477ebed0bdf14b09534e444c25026e83
LN-000039,B-00398,ARM,Purchase,2016-07-13,2026-07-13,306500.00,166878.79,6.9540,120,3551.46,CURRENT,0,2026-06-25,MI,09342,729,A-,1 year,250k+,428000.00,SVC-02,SVC-02 Servicing LLC,2026-07-30T00:00:00.000Z,COMPLETE,FISERV,VERIFIED,1,2dde16da4257bf5c0e097494729fce4b96e28a81b6a71cc58f42c2651ef9ac32
LN-000040,B-00037,PERSONAL,Home improvement,2017-01-08,2032-01-08,500000.00,383739.12,4.8710,180,3920.45,CURRENT,0,2026-07-04,AZ,09021,657,A-,10+ years,<50k,574000.00,SVC-01,SVC-01 Servicing LLC,2026-07-08T00:00:00.000Z,COMPLETE,ENCOMPASS,VERIFIED,1,586d58b6f2299fc0f7ac1591d8fa347366e6944705c1fb1c72b1f6b1795511e8
LN-000041,B-00013,AUTO,Cash-out refi,2023-05-03,2053-05-03,382000.00,218104.69,5.2700,360,2114.15,CURRENT,0,2026-06-29,MD,98880,766,C+,3 years,50-75k,441000.00,SVC-05,SVC-05 Servicing LLC,2026-07-29T00:00:00.000Z,COMPLETE,FISERV,VERIFIED,1,6df1379c26705d3496c3dcee9c3af187cde64e0a19e617c6dfd7587442619705
LN-000042,B-00250,FIXED,Refinance,2017-12-26,2047-12-26,648000.00,374118.31,4.1760,360,3159.76,DEFAULT,90,2026-06-05,MD,65528,,C,1 year,250k+,946000.00,SVC-04,SVC-04 Servicing LLC,2026-07-15T00:00:00.000Z,COMPLETE,LEGACY-AS400,REJECTED,1,40300b52d3f6761395e319aae7c5ae618ca7110617c5f510ec73cb18fb674ada
LN-000042,B-00201,AUTO,Debt consolidation,2024-12-15,2034-12-15,71500.00,60134.23,6.0290,120,794.84,CURRENT,0,2026-07-05,NJ,02643,693,A,10+ years,75-100k,109000.00,SVC-04,SVC-04 Servicing LLC,2026-07-19T00:00:00.000Z,COMPLETE,ENCOMPASS,REJECTED,1,f4b80b6ce0518f7f63e18c9c376a33b6b7e2171f8a4fd5817da8a2c8072ef10f
LN-000043,B-00179,FIXED,Cash-out refi,2016-11-18,2046-11-18,555000.00,271124.00,6.0720,360,3353.24,DELINQUENT,45,2026-06-05,,70955,673,B,10+ years,250k+,878000.00,SVC-06,SVC-06 Servicing LLC,2026-07-17T00:00:00.000Z,COMPLETE,FISERV,VERIFIED,1,df1eedf1386c83bb7aa88dfe36b4fa4cc6af895a7608f7f9f74c5dd70ec0ecb7
LN-000044,B-00398,AUTO,Cash-out refi,2016-02-16,2021-02-16,745000.00,706841.20,4.5770,60,13915.15,CURRENT,0,2026-07-15,PA,25030,806,A-,2 years,50-75k,930000.00,,Servicing LLC,2026-07-31T00:00:00.000Z,COMPLETE,FISERV,VERIFIED,1,f4ada9576cd32768ee061b3acb5e8e237562f17a7ddc72d3495cadfca1969417
LN-000045,B-00346,ARM,Refinance,2018-11-04,2048-11-04,599000.00,319283.51,6.6670,360,3852.11,CURRENT,0,2026-06-07,CA,60255,802,B+,7 years,50-75k,898000.00,SVC-06,SVC-06 Servicing LLC,2026-07-15T00:00:00.000Z,COMPLETE,BLACKKNIGHT,VERIFIED,1,bc98da0d7c1a8020d84ed261657c9a762d22b7e950ec0cac170b3cc3b9285358
LN-000047,B-00246,HELOC,Purchase,2023-01-08,2033-01-08,67500.00,57955.62,4.7070,120,706.31,CURRENT,0,2026-06-18,NC,07473,625,A-,3 years,150-250k,96000.00,SVC-05,SVC-05 Servicing LLC,2026-07-23T00:00:00.000Z,COMPLETE,ENCOMPASS,VERIFIED,1,1a715cfeb01ee9a9d4ff8bb707830aac9e79bf2758bd5f525c1e61642a18f8d7
LN-000048,B-00008,ARM,Cash-out refi,2017-02-12,2037-02-12,349000.00,200933.09,19.7500,240,5860.49,DELINQUENT,30,2026-06-17,WA,10856,603,A-,5 years,75-100k,449000.00,SVC-01,SVC-01 Servicing LLC,2026-07-18T00:00:00.000Z,MISSING,LEGACY-AS400,REJECTED,2,cc69fb2d90ba2935688a163a46bee661f80f6ab625de1bbe6e25959754f2268e
LN-000049,B-00440,ARM,Debt consolidation,2024-12-19,2054-12-19,616500.00,417388.20,4.5790,360,3152.72,CURRENT,0,2026-07-03,NC,03281,704,C+,1 year,50-75k,837000.00,SVC-03,SVC-03 Servicing LLC,2026-07-28T00:00:00.000Z,COMPLETE,SHAWBROOK,VERIFIED,1,85808844f38966464b2ab8708297c38aa1c9d9e6970d30914775a7a247a67539
LN-000050,B-00079,HELOC,Cash-out refi,,2038-07-21,474500.00,341721.17,5.8060,240,3346.57,CURRENT,0,2026-06-12,TX,69727,,B+,2 years,100-150k,742000.00,SVC-06,SVC-06 Servicing LLC,2026-07-19T00:00:00.000Z,COMPLETE,ENCOMPASS,REJECTED,1,28824b49693f086d6072bd8b93ed2870aad5260b98388a8c30236ae0cef0b86d
LN-000051,B-00450,PERSONAL,Purchase,2015-03-04,2030-03-04,646000.00,646000.00,4.3890,180,4905.29,CURRENT,0,2026-06-27,TN,45656,727,C+,10+ years,150-250k,769000.00,SVC-01,SVC-01 Servicing LLC,2026-07-19T00:00:00.000Z,COMPLETE,FISERV,VERIFIED,2,742589aa4f1d72813c0c3d5481488b8c9a22dcec52f8299fab9f6bf0a74274fc
LN-000052,B-00173,FIXED,Cash-out refi,2023-03-24,2038-03-24,320500.00,167243.11,6.0440,180,2712.19,CURRENT,0,2026-07-08,CA,11270,726,B,< 1 year,250k+,465000.00,SVC-03,SVC-03 Servicing LLC,2026-07-14T00:00:00.000Z,COMPLETE,BLACKKNIGHT,VERIFIED,1,9fd8e487e2321ed703c41b8a28694b75aa8a9a468cf1f44476aa5bc1a133d6f2
LN-000053,B-00104,ARM,Home improvement,2017-09-21,2024-09-21,688500.00,375404.64,7.0590,84,10411.18,CURRENT,0,2026-06-14,MI,40623,654,C,2 years,75-100k,855000.00,SVC-06,SVC-06 Servicing LLC,2026-07-12T00:00:00.000Z,COMPLETE,FISERV,VERIFIED,1,1437fc5164e0d7d5d963a344f58df55da326340f5e7f8b370df6a49487487b6c
LN-000054,B-00024,AUTO,Home improvement,2018-01-03,2028-01-03,623000.00,355255.32,4.8400,120,6559.27,CURRENT,0,2026-06-30,NC,14716,,B+,7 years,250k+,801000.00,SVC-01,SVC-01 Servicing LLC,2026-07-20T00:00:00.000Z,COMPLETE,ENCOMPASS,VERIFIED,1,ecdf03913fed082f86d0514b6c5fda384fa91112e99cc1f54be120e1049e7618
LN-000055,B-00337,HELOC,Debt consolidation,2015-05-28,2022-05-28,431500.00,304270.21,6.9740,84,6507.01,CURRENT,0,2026-07-07,NC,41119,724,B,1 year,75-100k,575000.00,SVC-01,SVC-01 Servicing LLC,2026-07-24T00:00:00.000Z,COMPLETE,LEGACY-AS400,VERIFIED,1,d833b7b13857a78a5d079503c0582c41f4d166d4fee831ad5fcdd23ffbf7178a
LN-000056,B-00184,AUTO,Debt consolidation,2020-12-05,2050-12-05,355500.00,193274.97,8.2040,360,2659.27,CURRENT,0,2026-06-12,NJ,02735,814,C,10+ years,250k+,496000.00,SVC-01,SVC-01 Servicing LLC,2026-07-20T00:00:00.000Z,COMPLETE,ENCOMPASS,VERIFIED,1,14af09b1d46064841659b0909923824afa82a8d548577c21e020134d482309d2
LN-000057,B-00319,AUTO,Purchase,2016-09-17,2046-09-17,129000.00,81716.43,4.6910,360,668.35,CURRENT,0,2026-07-05,MA,76833,638,A-,7 years,<50k,177000.00,SVC-04,SVC-04 Servicing LLC,2026-07-29T00:00:00.000Z,COMPLETE,ENCOMPASS,VERIFIED,1,76ce8d9ac39c00b3264eb64ffec9208f267aef2e8014498556d931c17ad1597e
LN-000058,B-00243,FIXED,Refinance,2015-03-18,2035-03-18,148000.00,103753.14,7.6690,240,1207.62,DEFAULT,120,2026-07-05,MD,24590,,B,2 years,150-250k,207000.00,SVC-05,SVC-05 Servicing LLC,2026-07-07T00:00:00.000Z,COMPLETE,BLACKKNIGHT,VERIFIED,1,de8711c5836eac802a20d245270e67180b0de059e229d381df3850b6f1c56357
LN-000059,B-00220,ARM,Debt consolidation,2020-05-27,2027-05-27,296500.00,178474.63,3.9680,84,4048.44,CURRENT,0,2026-07-20,NJ,89375,719,C+,7 years,75-100k,397000.00,SVC-02,SVC-02 Servicing LLC,2026-07-20T00:00:00.000Z,COMPLETE,LEGACY-AS400,VERIFIED,1,ed8e78986c991db5507e2d6571a8e95fc1880f0d455ea8a57bed6ee795982c46
LN-000060,B-00361,HELOC,Home improvement,2019-01-18,2049-01-18,182000.00,149237.95,3.9910,360,867.95,CURRENT,0,2026-07-12,NC,77310,791,B+,7 years,100-150k,231000.00,SVC-06,SVC-06 Servicing LLC,2026-07-12T00:00:00.000Z,COMPLETE,LEGACY-AS400,VERIFIED,1,5b737eead04002963627ea1fa33f7b5e4965b9fc8057ffe4d4e8099175df0c54
LN-000061,B-00044,FIXED,Home improvement,2023-06-16,2033-06-16,56000.00,38345.24,3.8690,120,563.49,CURRENT,0,2026-07-04,NY,95224,701,C,2 years,100-150k,73000.00,SVC-05,SVC-05 Servicing LLC,2026-07-20T00:00:00.000Z,COMPLETE,ENCOMPASS,VERIFIED,1,34789aff41ccd91cb828732f4e247d831fef5be961789ba6e169591096db10eb
LN-000062,B-00012,PERSONAL,Home improvement,2021-10-11,2028-10-11,89500.00,49869.03,4.8660,84,1259.36,CURRENT,0,2026-06-19,NY,29703,,A-,< 1 year,250k+,126000.00,SVC-03,SVC-03 Servicing LLC,2026-07-25T00:00:00.000Z,COMPLETE,SHAWBROOK,VERIFIED,1,f44ecbd435311ed9508c106ee25d5b18184da0d974b671c5705a0f12fce2b974
LN-000063,B-00035,FIXED,Purchase,2024-03-19,2054-03-19,617000.00,489841.98,7.5960,360,4354.79,CURRENT,0,2026-06-23,WA,22720,775,C,1 year,100-150k,897000.00,SVC-05,SVC-05 Servicing LLC,2026-07-09T00:00:00.000Z,PARTIAL,SHAWBROOK,VERIFIED,1,9d3b59849e0afb7b8d56b3ed7ac01c9d9b818e7a4e661caa0483e53a5fa42bc8
LN-000064,B-00250,PERSONAL,Refinance,2024-01-09,2031-01-09,203000.00,136556.04,6.0670,84,2972.06,CURRENT,0,2026-06-06,TX,59480,818,B-,1 year,50-75k,230000.00,SVC-05,SVC-05 Servicing LLC,2026-07-15T00:00:00.000Z,COMPLETE,LEGACY-AS400,VERIFIED,1,31bb53fd7b2fb8b356d942541d54b5400bd3ba096d512f36b7c4a5cfeb799e88
LN-000065,B-00264,HELOC,Refinance,2023-12-21,2038-12-21,376500.00,324368.21,7.0180,180,3387.88,DELINQUENT,45,2026-06-19,IL,06900,756,C,3 years,50-75k,434000.00,SVC-01,SVC-01 Servicing LLC,2026-07-30T00:00:00.000Z,COMPLETE,ENCOMPASS,VERIFIED,3,2d900b3261a9ee703da15cf35baa5087c79f383331523f35f93e5d077193e8df
LN-000066,B-00326,HELOC,Purchase,2021-03-19,2026-03-19,268000.00,152286.22,5.6280,60,5134.96,CURRENT,0,2026-07-03,NY,40353,,B+,< 1 year,75-100k,328000.00,SVC-04,SVC-04 Servicing LLC,2026-07-12T00:00:00.000Z,COMPLETE,ENCOMPASS,VERIFIED,1,a3dcadf5d54f1879124338a046674bbe3a47bc85bce4977a1b5a6f1b3c33cba9
LN-000067,B-00219,ARM,Cash-out refi,2021-02-18,2028-02-18,836000.00,673831.06,5.6920,84,12089.69,CURRENT,0,2026-06-13,NY,19483,771,B,< 1 year,250k+,1276000.00,SVC-03,SVC-03 Servicing LLC,2026-07-13T00:00:00.000Z,COMPLETE,LEGACY-AS400,VERIFIED,1,1f7092b04f6ead1332509570915133b2f3aea6889bb647cb3713e46c3a352277
LN-000068,B-00155,ARM,Home improvement,2015-09-08,2035-09-08,563000.00,357152.82,5.7680,240,3958.52,CURRENT,0,2026-07-16,WA,38057,732,C+,10+ years,100-150k,649000.00,SVC-04,SVC-04 Servicing LLC,2026-07-16T00:00:00.000Z,COMPLETE,ENCOMPASS,VERIFIED,1,8daf419ad031db22664f28c3a1ddb2a413a83475b8cedbc7211737c48b0d021a
LN-000069,B-00289,ARM,Refinance,2023-10-28,2043-10-28,126500.00,81766.81,7.0110,240,981.59,CURRENT,0,2026-07-28,TN,71258,820,A-,10+ years,250k+,196000.00,SVC-03,SVC-03 Servicing LLC,2026-07-29T00:00:00.000Z,COMPLETE,ENCOMPASS,VERIFIED,1,01edac4a4aee45bded81e5871993cd682270f8ddf5700e510324c9ce50d51967
LN-000070,B-00455,ARM,Home improvement,2015-10-03,2025-10-03,806500.00,631875.71,3.8140,120,8094.32,CURRENT,0,2026-07-02,PA,36617,,B-,< 1 year,75-100k,1192000.00,SVC-06,SVC-06 Servicing LLC,2026-07-29T00:00:00.000Z,COMPLETE,SHAWBROOK,VERIFIED,1,ce2e6a40c5e883539f4be6df3cd629b72414dd416cf7566ce1b083f337722f74
LN-000071,B-00057,AUTO,Refinance,2024-10-21,2031-10-21,441500.00,283505.49,7.8460,84,6847.49,CURRENT,0,2026-06-01,VA,82711,648,B,1 year,100-150k,515000.00,SVC-01,SVC-01 Servicing LLC,2026-07-07T00:00:00.000Z,COMPLETE,ENCOMPASS,VERIFIED,1,e4194e83126d535697ac5ec688d8eaea1a618d804f4910a54adbca5f09e4070e
LN-000072,B-00231,PERSONAL,Cash-out refi,2016-03-04,2031-03-04,770500.00,374142.97,3.8650,180,5647.31,CURRENT,0,2026-07-08,MI,57313,624,C+,1 year,50-75k,1206000.00,SVC-03,SVC-03 Servicing LLC,2026-07-09T00:00:00.000Z,COMPLETE,LEGACY-AS400,VERIFIED,2,bd1407077757f86603b38a8c5c5896f026237c1abf1b0c98121cfda1187b3d42
LN-000073,B-00062,ARM,Debt consolidation,2024-09-24,2029-09-24,186500.00,137395.10,7.6210,60,3747.81,CURRENT,0,2026-06-09,MI,04909,764,B-,2 years,<50k,208000.00,SVC-05,SVC-05 Servicing LLC,2026-07-15T00:00:00.000Z,COMPLETE,LEGACY-AS400,VERIFIED,2,9ea3f3943adc44573b3bb9c9b4bc69b318511ed2c7401401264d626482af064f
LN-000074,B-00136,ARM,Refinance,2017-05-12,2024-12-05,209000.00,94435.91,6.3830,84,3091.71,CURRENT,0,2026-07-10,MA,26523,,A,< 1 year,50-75k,322000.00,SVC-02,SVC-02 Servicing LLC,2026-07-21T00:00:00.000Z,COMPLETE,ENCOMPASS,VERIFIED,1,be01e4caa4a1b8f141ec08a6e58dc4025b36ba5d1bda31bb8d5196a79161d285
LN-000075,B-00381,PERSONAL,Refinance,2024-07-10,2031-07-10,690000.00,559773.89,5.3780,84,9875.42,CURRENT,0,2026-07-01,MO,72901,632,B,1 year,50-75k,811000.00,SVC-02,SVC-02 Servicing LLC,2026-07-23T00:00:00.000Z,COMPLETE,FISERV,VERIFIED,1,aa77642ee83c127a6c5710b642d76dd50ad239681e1758b9d633f54eae808f74
LN-000076,B-00208,ARM,Purchase,2018-07-02,2033-07-02,515000.00,443787.41,4.4890,180,3936.82,CURRENT,0,2026-07-11,,13843,798,A-,10+ years,250k+,578000.00,SVC-02,SVC-02 Servicing LLC,2026-07-26T00:00:00.000Z,COMPLETE,ENCOMPASS,VERIFIED,1,49cf7935cbfa745e5bb66c8acac15a40ed53d229e9226530078227928cf5f403
LN-000077,B-00381,AUTO,Home improvement,2023-04-28,2053-04-28,446500.00,0.00,7.6680,360,3173.52,PAID_OFF,0,2026-07-01,NY,50124,768,A-,3 years,100-150k,659000.00,SVC-05,SVC-05 Servicing LLC,2026-07-30T00:00:00.000Z,COMPLETE,LEGACY-AS400,VERIFIED,2,0581d65b5cbfe92087b3510971f15ab79127e86d3f1703ea5cc1ecf43e7648b7
LN-000078,B-00454,ARM,Home improvement,2017-05-18,2024-05-18,181500.00,97184.99,3.9560,84,2477.21,CURRENT,0,2026-06-30,PA,95802,,B+,7 years,250k+,225000.00,SVC-04,SVC-04 Servicing LLC,2026-07-23T00:00:00.000Z,COMPLETE,BLACKKNIGHT,VERIFIED,1,e9ad457eab35f3bd176b79150bf6e8f5919fae3e758e4f89d4a5bed396ba1a29
LN-000079,B-00236,HELOC,Home improvement,2018-07-09,2048-07-09,443500.00,322014.86,7.7060,360,3163.81,CURRENT,0,2026-07-09,AZ,40914,582,B-,10+ years,100-150k,624000.00,SVC-02,SVC-02 Servicing LLC,2026-07-14T00:00:00.000Z,COMPLETE,FISERV,VERIFIED,1,627975467f3ce3f128dd6ffd45f35af87c6c97be0640d91efb059f745d2f96e9
LN-000080,B-00163,FIXED,Purchase,2018-03-08,2048-03-08,753500.00,498072.91,3.8470,360,3531.18,CURRENT,0,2026-06-18,OH,32701,656,C+,2 years,75-100k,1145000.00,SVC-06,SVC-06 Servicing LLC,2026-07-31T00:00:00.000Z,COMPLETE,LEGACY-AS400,VERIFIED,1,68f85f8b1bd121ddb759e656e642717cc95f16e713283fb4f9a49b8e81eee7bf
LN-000081,B-00177,HELOC,Home improvement,2016-03-25,2046-03-25,343500.00,201482.05,7.3110,360,2357.50,CURRENT,0,2026-07-11,NJ,95545,750,B,5 years,250k+,480000.00,SVC-01,SVC-01 Servicing LLC,2026-07-20T00:00:00.000Z,COMPLETE,ENCOMPASS,VERIFIED,1,1a82979b2cbb1cbcd1e66984d04e003e4ac1e2951167ebac314b0e51a95592a0
LN-000082,B-00353,ARM,Debt consolidation,2021-05-10,2051-05-10,588500.00,497516.71,7.5950,360,4153.23,CURRENT,0,2026-07-08,IL,65502,,B-,1 year,50-75k,906000.00,SVC-04,SVC-04 Servicing LLC,2026-07-17T00:00:00.000Z,COMPLETE,BLACKKNIGHT,VERIFIED,1,d2147498dba1ec5b6ecaafe0da1b905a4c9fb94c5983781bb696dfb28f030e3d
LN-000083,B-00138,ARM,Refinance,2015-01-08,2035-01-08,657000.00,493520.61,7.9090,240,5458.26,CURRENT,0,2026-07-11,PA,73671,811,B-,10+ years,75-100k,1045000.00,SVC-02,SVC-02 Servicing LLC,2026-07-11T00:00:00.000Z,COMPLETE,SHAWBROOK,VERIFIED,1,c53dd146c5139a4323827b8c660f1195f5bcfd7124368aabc953b8d0c27d31cb
LN-000084,B-00048,ARM,Home improvement,2022-11-13,2052-11-13,596500.00,421717.28,6.8080,360,3891.91,DELINQUENT,75,2026-07-14,VA,13821,726,A-,< 1 year,100-150k,858000.00,SVC-01,SVC-01 Servicing LLC,2026-07-28T00:00:00.000Z,COMPLETE,ENCOMPASS,VERIFIED,2,2a50a0a1b263c4377db856e5b7de57076629af24d5b97df684da5e041aacd565
LN-000085,B-00265,AUTO,Refinance,2020-02-19,2030-02-19,92500.00,83249.89,5.9620,120,1025.18,CURRENT,0,2025-06-28,NY,94081,787,B,< 1 year,75-100k,140000.00,SVC-01,SVC-01 Servicing LLC,2025-08-08T00:00:00.000Z,COMPLETE,FISERV,VERIFIED,1,c8caff5332dddc34878efbc087c21f18febe888862f9ca0683233dc592d6ddde
LN-000086,B-00149,FIXED,Home improvement,2019-10-11,2039-10-11,66000.00,32969.47,4.0010,240,399.98,CURRENT,0,2026-06-27,MD,59336,,A,10+ years,<50k,101000.00,SVC-06,SVC-06 Servicing LLC,2026-07-17T00:00:00.000Z,COMPLETE,SHAWBROOK,VERIFIED,1,608379940424570fdf8f6be7bc46b14f2b077f3a302dae026bf758d80f627553
LN-000087,B-00383,HELOC,Purchase,2021-05-11,2051-05-11,114500.00,74285.70,8.0900,360,847.36,CURRENT,0,2026-07-11,OH,54705,723,A-,3 years,150-250k,148000.00,SVC-06,SVC-06 Servicing LLC,2026-07-31T00:00:00.000Z,COMPLETE,FISERV,VERIFIED,1,23115bf74c0ca26e19bbfacdd485b8c03570309429c8d803e247cac8e06cf9f7
LN-000088,B-00456,AUTO,Refinance,2021-02-05,2028-05-02,163500.00,163500.00,5.8760,84,2378.79,CURRENT,0,2026-07-06,NC,66075,793,B-,2 years,150-250k,230000.00,SVC-04,SVC-04 Servicing LLC,2026-07-27T00:00:00.000Z,COMPLETE,LEGACY-AS400,VERIFIED,2,80f7a120533a30e9c9e9c7c8c3851d68c6b9dedd131b19b01a6ab30a6b03ec3b
LN-000089,B-00081,ARM,Refinance,2015-07-02,2020-07-02,438000.00,414347.07,6.0870,60,8485.50,DELINQUENT,60,2026-07-07,VA,39056,697,A,2 years,75-100k,690000.00,SVC-01,SVC-01 Servicing LLC,2026-07-15T00:00:00.000Z,COMPLETE,ENCOMPASS,VERIFIED,1,e7d16f3782c4b8865559544c0a98c8adbb313d45d8c0e97cbb678d4b7f4a6a71
LN-000090,B-00008,HELOC,Purchase,2019-08-05,2049-08-05,480500.00,226009.68,6.9000,360,3164.57,DELINQUENT,60,2026-06-26,TX,05037,,B,< 1 year,50-75k,565000.00,SVC-01,SVC-01 Servicing LLC,2026-07-29T00:00:00.000Z,COMPLETE,LEGACY-AS400,VERIFIED,1,edb64bdec2145cf1abcdb48c69e2a7553e4a492192c646301a8987dfc0f422b5
LN-000091,B-00113,HELOC,Cash-out refi,,2035-07-24,199500.00,159486.71,6.7730,240,1519.66,CURRENT,0,2026-07-09,MD,59954,622,C+,2 years,50-75k,307000.00,SVC-03,SVC-03 Servicing LLC,2026-07-10T00:00:00.000Z,COMPLETE,SHAWBROOK,REJECTED,1,1119425c5ea041120f5e86f3091a587ccfe9a3e35e7b6190944c2b348a234d5c
LN-000092,B-00432,HELOC,Debt consolidation,2019-01-26,2049-01-26,475000.00,409968.43,8.1570,360,3537.51,CURRENT,0,2026-07-03,MI,25546,762,C,1 year,50-75k,530000.00,SVC-01,SVC-01 Servicing LLC,2026-07-26T00:00:00.000Z,COMPLETE,LEGACY-AS400,VERIFIED,1,083ec222a0aaa0eb374f80ec9e3aa7ddf92ed5a23e42122b9129c957fd97d618
LN-000093,B-00465,PERSONAL,Cash-out refi,2018-09-04,2048-09-04,754000.00,674596.86,5.4320,360,4249.02,CURRENT,0,2026-07-12,MD,18015,710,A-,3 years,75-100k,869000.00,SVC-05,SVC-05 Servicing LLC,2026-07-23T00:00:00.000Z,COMPLETE,FISERV,VERIFIED,1,7a67776a0be1a9226a548d72e86032a3ba1fea4b1a65dcbe3836def55835b4ad
LN-000094,B-00157,FIXED,Debt consolidation,2019-03-01,2039-03-01,69500.00,60822.61,5.8460,240,491.76,CURRENT,0,2026-07-05,IL,58297,,B-,10+ years,<50k,110000.00,SVC-06,SVC-06 Servicing LLC,2026-07-19T00:00:00.000Z,PARTIAL,LEGACY-AS400,VERIFIED,1,7d11fe19b669aa50d1bcc376d2b84935673882865c712e6c3758c50e98f2f87a
LN-000095,B-00057,AUTO,Purchase,2022-08-18,2032-08-18,787000.00,411187.68,7.4070,120,9303.67,CURRENT,0,2026-06-19,VA,90543,602,A,7 years,100-150k,965000.00,SVC-02,SVC-02 Servicing LLC,2026-07-19T00:00:00.000Z,MISSING,SHAWBROOK,REJECTED,1,02b94b0bf8b75f3d4ce687138e10a8e54c89a6ce34ea125ad50838fa4475d1f4
LN-000096,B-00401,FIXED,Debt consolidation,2018-11-13,2033-11-13,280000.00,143474.33,4.8750,180,2196.03,CURRENT,0,2026-06-12,TN,47636,694,C,5 years,250k+,380000.00,SVC-03,SVC-03 Servicing LLC,2026-07-20T00:00:00.000Z,COMPLETE,LEGACY-AS400,VERIFIED,1,534284cdac6714ccb14ea966ffa05e44f33990b2617f8533722f997c833dda3f
LN-000097,B-00275,HELOC,Home improvement,2024-09-11,2054-09-11,716500.00,338637.84,6.1200,360,4351.21,CURRENT,0,2026-06-08,OH,62387,705,A-,< 1 year,250k+,844000.00,SVC-04,SVC-04 Servicing LLC,2026-07-15T00:00:00.000Z,COMPLETE,BLACKKNIGHT,VERIFIED,1,4ea348fdcc548c9daf33711418efc66b082ac6520706890d1ad10e26ef1cb21e
LN-000098,B-00181,ARM,Purchase,2018-05-15,2025-05-15,534000.00,380955.03,7.6500,84,8230.23,CURRENT,0,2026-06-24,IN,50091,,A,1 year,<50k,684000.00,SVC-04,SVC-04 Servicing LLC,2026-07-19T00:00:00.000Z,COMPLETE,LEGACY-AS400,VERIFIED,2,9416a54c95142d11a8ac443dab38b7ef81e0b52600e9644c5d58b70de0165727
LN-000099,B-00375,FIXED,Cash-out refi,2017-03-16,2032-03-16,247000.00,176703.69,4.4870,180,1887.89,CURRENT,0,2026-06-19,FL,42865,658,A-,< 1 year,<50k,327000.00,SVC-06,SVC-06 Servicing LLC,2026-07-06T00:00:00.000Z,COMPLETE,ENCOMPASS,VERIFIED,1,7a3eb12d53738f75aedc8270a967759fbf83ae89adcd1f10296874b0e2f2ebd2
LN-000100,B-00276,AUTO,Purchase,2024-02-01,2029-02-01,97000.00,88882.73,6.3220,60,1889.84,CURRENT,0,2026-07-16,CA,75098,796,B,1 year,50-75k,112000.00,SVC-01,SVC-01 Servicing LLC,2026-07-29T00:00:00.000Z,COMPLETE,SHAWBROOK,VERIFIED,1,423bec54c3eee8402a455b5e8eff07d116c67dc7a90ab13882e4d5369c735d2f
LN-000101,B-00334,FIXED,Debt consolidation,2023-01-20,2030-01-20,569000.00,450002.13,6.2720,84,8386.66,CURRENT,0,2026-07-07,FL,41935,250,B+,7 years,75-100k,842000.00,SVC-05,SVC-05 Servicing LLC,2026-07-30T00:00:00.000Z,COMPLETE,ENCOMPASS,REJECTED,1,eef275ec28c51a1b98ac452ddb03b9bb95a31ba2cf73c6c12058a47c85fc313b
LN-000102,B-00109,PERSONAL,Debt consolidation,2022-01-08,2027-08-01,706000.00,486378.72,4.1040,60,13035.23,CURRENT,0,2026-07-23,MA,13379,,A-,2 years,<50k,1104000.00,SVC-01,SVC-01 Servicing LLC,2026-07-30T00:00:00.000Z,COMPLETE,ENCOMPASS,VERIFIED,1,d20fab223ada3ed6449087cf258a278394bb1eece662e2c49c55f725fc7b8768
LN-000103,B-00397,ARM,Debt consolidation,2018-06-25,2038-06-25,391500.00,254131.37,5.2810,240,2644.88,DELINQUENT,45,2026-06-01,PA,74070,609,C,5 years,100-150k,591000.00,SVC-02,SVC-02 Servicing LLC,2026-07-09T00:00:00.000Z,COMPLETE,ENCOMPASS,VERIFIED,2,0884b34541087de534aaef445e689bec8b328300c5105a10d93fc354b91d696d
LN-000104,B-00132,HELOC,Refinance,2015-08-05,2045-08-05,764500.00,563900.97,5.7040,360,4439.10,CURRENT,0,2026-06-17,AZ,55413,705,B,< 1 year,250k+,888000.00,SVC-02,SVC-02 Servicing LLC,2026-07-19T00:00:00.000Z,COMPLETE,FISERV,VERIFIED,1,b90402c25b308586a9a195eab9aaa2c00e8db8444b9134835ac88d9d5a41a22b
LN-000105,B-00339,PERSONAL,Home improvement,2022-01-26,2052-01-26,553500.00,281664.08,7.9580,360,4045.19,CURRENT,0,2026-06-18,WA,33691,744,C+,1 year,150-250k,881000.00,SVC-06,SVC-06 Servicing LLC,2026-07-10T00:00:00.000Z,COMPLETE,SHAWBROOK,VERIFIED,1,64f4b80857578df3dbaf894d3445ee5c61ce04909802e3595ec8e716a97e174a
LN-000106,B-00301,HELOC,Cash-out refi,2023-03-09,2043-03-09,214500.00,146062.10,6.6730,240,1621.18,DELINQUENT,60,2026-06-16,GA,23441,,C,2 years,<50k,311000.00,SVC-05,SVC-05 Servicing LLC,2026-07-30T00:00:00.000Z,COMPLETE,LEGACY-AS400,VERIFIED,1,6e805e819f1ac44f9ee8a76abae88754488698ec9ce17ff695d5f09d2121c4e8
LN-000107,B-00055,FIXED,Debt consolidation,2016-06-11,2046-06-11,98500.00,50800.62,8.0400,360,725.51,CURRENT,0,2026-07-17,GA,05346,809,B-,7 years,250k+,150000.00,SVC-01,SVC-01 Servicing LLC,2026-07-18T00:00:00.000Z,COMPLETE,SHAWBROOK,VERIFIED,1,77b7b7918208e8b375c54fb580f093de329444ca59787eef85fc9d361138d38b
LN-000108,B-00112,ARM,Debt consolidation,2021-12-09,2041-12-09,684500.00,393684.25,4.8190,240,4449.24,CURRENT,0,2026-07-04,PA,21776,669,C,7 years,50-75k,866000.00,SVC-06,SVC-06 Servicing LLC,2026-07-13T00:00:00.000Z,COMPLETE,BLACKKNIGHT,VERIFIED,1,597c4c4f5279effdbf3087042730f510d67fd69dc1583536dcb75c5013b6ca1e
LN-000109,B-00267,PERSONAL,Cash-out refi,2021-09-07,2051-07-09,318000.00,234190.17,7.1270,360,2142.85,CURRENT,0,2026-07-06,,34713,768,A-,< 1 year,100-150k,361000.00,SVC-06,SVC-06 Servicing LLC,2026-07-18T00:00:00.000Z,COMPLETE,SHAWBROOK,VERIFIED,2,15f8f0daf98ced80d4960d4016822ed6c7cb54e77ce00be1727fcc76ebc4f614
LN-000110,B-00133,FIXED,Refinance,2022-07-13,2037-07-13,738500.00,649956.80,6.3050,180,6354.23,CURRENT,0,2026-06-16,PA,16046,,B-,2 years,<50k,949000.00,SVC-05,SVC-05 Servicing LLC,2026-07-22T00:00:00.000Z,COMPLETE,FISERV,VERIFIED,1,53db69a75c92ef0ca43a8b1463cc200762936e61cd9cda7b88d9c68cff45609c
LN-000111,B-00465,FIXED,Cash-out refi,2019-07-15,2024-07-15,539500.00,425807.56,5.9020,60,10405.48,DELINQUENT,45,2026-06-14,TX,80593,661,A-,< 1 year,<50k,653000.00,SVC-04,SVC-04 Servicing LLC,2026-07-14T00:00:00.000Z,COMPLETE,BLACKKNIGHT,VERIFIED,1,7cedaee66988afad5c5616e10539ee0ef42f0bd69fbb9ac92b00d8480eec31d2
LN-000112,B-00168,FIXED,Debt consolidation,2023-08-22,2053-08-22,428000.00,396266.24,6.1000,360,2593.66,CURRENT,0,2026-07-06,MI,63020,612,C+,7 years,50-75k,663000.00,SVC-04,SVC-04 Servicing LLC,2026-07-15T00:00:00.000Z,COMPLETE,LEGACY-AS400,VERIFIED,1,7a8112e069a2d74cc5c57090a7ecb60961967df2ed84afaafe05f27908fde509
LN-000113,B-00266,AUTO,Debt consolidation,2021-12-15,2031-12-15,437000.00,323454.44,7.4180,120,5168.58,CURRENT,0,2026-07-19,PA,78656,733,A,5 years,75-100k,690000.00,SVC-04,SVC-04 Servicing LLC,2026-07-24T00:00:00.000Z,COMPLETE,LEGACY-AS400,VERIFIED,1,f53fafe3cb88ebfe318ba2a4b10b96011c6af3f63c03230a7fccd6fa8c33a1fc
LN-000114,B-00084,ARM,Debt consolidation,2022-02-16,2052-02-16,290500.00,218676.16,6.0940,360,1759.29,CURRENT,0,2026-07-06,VA,72165,,B+,1 year,100-150k,411000.00,SVC-05,SVC-05 Servicing LLC,2026-07-09T00:00:00.000Z,COMPLETE,LEGACY-AS400,VERIFIED,1,56d94e3fb6b0bbeb5db22a955b91c2602ba6318ff3f01607b26345c0e481c5fd
LN-000115,B-00020,ARM,Cash-out refi,2015-12-17,2035-12-17,630500.00,451465.39,4.0620,240,3841.34,CURRENT,0,2026-06-28,GA,04711,757,B-,10+ years,75-100k,879000.00,SVC-05,SVC-05 Servicing LLC,2026-07-11T00:00:00.000Z,COMPLETE,FISERV,VERIFIED,1,d1133a7ae867f65754169f5e820e11f4f0ee838b51ab20288f86ebb9b30f8e83
LN-000116,B-00164,PERSONAL,Refinance,2018-02-01,2048-01-02,846500.00,700147.74,6.3020,360,5240.71,CURRENT,0,2026-07-15,OH,59609,694,A,3 years,250k+,1034000.00,SVC-06,SVC-06 Servicing LLC,2026-07-20T00:00:00.000Z,COMPLETE,BLACKKNIGHT,VERIFIED,1,30b2c7d96978a57cd188770dbfaf19469f6c849a9b6d95ce879cf113eb5bfba6
LN-000117,B-00335,FIXED,Debt consolidation,2018-08-27,2028-08-27,746500.00,445207.37,5.7110,120,8179.76,CURRENT,0,2026-06-25,VA,81279,680,A-,10+ years,100-150k,1077000.00,SVC-01,SVC-01 Servicing LLC,2026-07-06T00:00:00.000Z,COMPLETE,SHAWBROOK,VERIFIED,1,00daf56ce0eb2c1d7a1618ce8b5aa0d373cb376581d8dbcd761a4567fa8a59b7
LN-000118,B-00085,ARM,Refinance,2018-10-18,2023-10-18,493000.00,452102.05,7.1230,60,9790.63,CURRENT,0,2026-07-01,NC,26183,,B+,3 years,150-250k,782000.00,SVC-02,SVC-02 Servicing LLC,2026-07-12T00:00:00.000Z,COMPLETE,ENCOMPASS,VERIFIED,1,a2f87b3091971ead8c6a034ef832756f782cca750481dc995914d8b6132ca126
LN-000119,B-00049,HELOC,Debt consolidation,2028-12-11,2023-12-11,238000.00,146582.41,6.1570,60,4618.60,CURRENT,0,2026-07-21,PA,59018,690,B+,3 years,250k+,324000.00,SVC-05,SVC-05 Servicing LLC,2026-07-31T00:00:00.000Z,COMPLETE,BLACKKNIGHT,REJECTED,1,54941f399886a775bce8cd9eda20fa45c30b48744caed387a9e5a10e9830e2bd
LN-000120,B-00170,HELOC,Purchase,2019-12-15,2026-12-15,602500.00,420386.72,7.7550,84,9317.32,DELINQUENT,60,2026-07-12,AZ,30197,690,A-,10+ years,50-75k,720000.00,SVC-05,SVC-05 Servicing LLC,2026-07-29T00:00:00.000Z,COMPLETE,SHAWBROOK,VERIFIED,1,f933ffb3e0bb0e2de0db036bcca84cfdb77d60562171a96ac8d0b1af8ff90bd8
LN-000122,B-00071,ARM,Cash-out refi,2023-09-11,2053-09-11,69000.00,56950.95,4.0270,360,330.49,DELINQUENT,45,2026-06-05,IN,51614,,C+,10+ years,75-100k,108000.00,SVC-02,SVC-02 Servicing LLC,2026-07-10T00:00:00.000Z,COMPLETE,SHAWBROOK,VERIFIED,2,42f26811a82f5ad76149d2c18144c5ef07683dd10d221176a7db5cf510091cf4
LN-000123,B-00419,HELOC,Debt consolidation,2020-06-03,2050-03-06,722000.00,607474.33,4.6080,360,3704.75,CURRENT,0,2026-06-02,MA,36375,694,B,1 year,100-150k,1112000.00,SVC-02,SVC-02 Servicing LLC,2026-07-08T00:00:00.000Z,COMPLETE,FISERV,VERIFIED,1,4c61a344f92ffd04b33772a88ec08e60432e9d512fb4ff59f14b6e641247b298
LN-000124,B-00359,AUTO,Cash-out refi,2019-01-13,2024-01-13,794500.00,702332.64,5.1940,60,15063.91,CURRENT,0,2025-09-12,VA,05166,637,B,10+ years,75-100k,1048000.00,SVC-04,SVC-04 Servicing LLC,2025-10-05T00:00:00.000Z,COMPLETE,LEGACY-AS400,VERIFIED,2,9241afbcb6d787d5a9b5ab09f5563c07c2e75c1586a5cf74c1340aa53f168188
LN-000125,B-00187,ARM,Purchase,2020-08-25,2027-08-25,245500.00,245500.00,7.8510,84,3808.22,CURRENT,0,2026-05-31,WI,47385,597,A,3 years,<50k,317000.00,SVC-01,SVC-01 Servicing LLC,2026-07-07T00:00:00.000Z,PARTIAL,FISERV,VERIFIED,2,6db079b3d9bc4300a461e4c43e453dd602b9336e5f470b616b5795ac1489f302
LN-000126,B-00286,FIXED,Cash-out refi,2023-05-16,2033-05-16,365000.00,193577.55,6.9460,120,4227.81,CURRENT,0,2026-06-23,NC,78168,,B,3 years,50-75k,516000.00,SVC-06,SVC-06 Servicing LLC,2026-07-25T00:00:00.000Z,COMPLETE,FISERV,VERIFIED,1,c8f2bb7106112777ec7c2d77e88a87223742229ba1e0975fca490910dcf11a6d
LN-000127,B-00072,ARM,Purchase,2017-07-22,2047-07-22,153000.00,88142.03,7.4440,360,1063.94,CURRENT,0,2026-06-21,IL,47676,681,C,2 years,100-150k,210000.00,SVC-02,SVC-02 Servicing LLC,2026-07-14T00:00:00.000Z,COMPLETE,SHAWBROOK,VERIFIED,1,5ce51dfcf2a27f5763a2d38f6b49e760fc6938c819a25c4e78e31bc2fd5fe191
LN-000128,B-00129,ARM,Home improvement,2023-07-12,2053-07-12,60000.00,41140.93,6.8590,360,393.52,CURRENT,0,2026-07-01,NJ,95102,752,B-,1 year,250k+,93000.00,SVC-04,SVC-04 Servicing LLC,2026-07-13T00:00:00.000Z,COMPLETE,FISERV,VERIFIED,1,059c61d461b65d821aff4bedd3d10b95bed34f319ff0c39343cac26f177feedd
LN-000129,B-00206,FIXED,Cash-out refi,2022-12-24,2042-12-24,736000.00,541045.63,6.0480,240,5293.33,CURRENT,0,2026-07-21,CA,71150,613,B,2 years,<50k,958000.00,SVC-05,SVC-05 Servicing LLC,2026-07-23T00:00:00.000Z,COMPLETE,LEGACY-AS400,VERIFIED,1,eb7342ddb0104d1bb26e6bfeb277c685f01cb7f7643b3c938508934ce9f48f23
LN-000130,B-00419,ARM,Debt consolidation,2023-04-22,2053-04-22,197000.00,0.00,7.4600,360,1372.06,PAID_OFF,0,2026-07-20,AZ,70841,,B+,1 year,50-75k,236000.00,SVC-03,SVC-03 Servicing LLC,2026-07-20T00:00:00.000Z,COMPLETE,BLACKKNIGHT,VERIFIED,2,9b86baaac6e23d543c5f8d1f50e04c17528226363af67a439d1a4030cf20d026
LN-000131,B-00379,ARM,Debt consolidation,2019-09-06,2049-09-06,574000.00,293778.27,4.6980,360,2976.29,CURRENT,0,2026-06-08,OH,24302,639,B-,5 years,<50k,725000.00,SVC-06,SVC-06 Servicing LLC,2026-07-08T00:00:00.000Z,COMPLETE,LEGACY-AS400,VERIFIED,1,8d27ff9874f06358daa06a11ca01cd6b3e49f9793bcf4698ecdd546dc7ab2214
LN-000132,B-00234,FIXED,Home improvement,,2050-09-16,186500.00,162490.78,5.9340,360,1110.26,CURRENT,0,2026-06-10,TX,31652,688,C,5 years,150-250k,267000.00,SVC-01,SVC-01 Servicing LLC,2026-07-08T00:00:00.000Z,COMPLETE,LEGACY-AS400,REJECTED,1,c407d037badcb68bc2d3170c4a3a9f52e1de64dc7eda4fac6301a46f35d88cff
LN-000133,B-00296,FIXED,Debt consolidation,1900-01-01,2031-01-15,819000.00,710448.35,7.8670,84,12710.91,CURRENT,0,2026-06-02,TN,54176,674,A,7 years,150-250k,1024000.00,,Servicing LLC,2026-07-15T00:00:00.000Z,COMPLETE,FISERV,VERIFIED,1,e82f74b1c20eab687ea5c0a677e4fbedf03660ca3ecb7b60f2750614b55c57eb
LN-000134,B-00287,HELOC,Purchase,2022-09-02,2032-09-02,640500.00,548908.86,6.5370,120,7284.81,CURRENT,0,2026-06-17,FL,99578,,C,2 years,50-75k,810000.00,SVC-04,SVC-04 Servicing LLC,2026-07-07T00:00:00.000Z,COMPLETE,ENCOMPASS,VERIFIED,1,82c450516cd237c5138b8f31d536a236f36c32c3a799630f7ac45daaa19e81b7
LN-000135,B-00368,FIXED,Cash-out refi,2018-11-17,2048-11-17,560000.00,280792.14,6.5190,360,3546.58,CURRENT,0,2026-06-27,MI,72912,582,B+,2 years,50-75k,895000.00,SVC-01,SVC-01 Servicing LLC,2026-07-12T00:00:00.000Z,COMPLETE,SHAWBROOK,VERIFIED,1,71b32a5630debb7254992aeb2eb20cd202a263833c151d266ca97e582a948a5e
LN-000136,B-00228,PERSONAL,Refinance,2024-03-14,2029-03-14,834500.00,445902.31,4.2810,60,15474.64,DELINQUENT,30,2026-07-06,IL,18905,653,B-,2 years,75-100k,1224000.00,SVC-04,SVC-04 Servicing LLC,2026-07-14T00:00:00.000Z,COMPLETE,BLACKKNIGHT,VERIFIED,1,8c2025a5eb487ee4dff46a96854b570a191e3e86dfd223354ed71ba164d7801a
LN-000137,B-00379,PERSONAL,Purchase,2015-07-05,,447000.00,210060.08,4.7180,360,2323.15,CURRENT,0,2026-06-08,NY,24052,798,A-,< 1 year,<50k,626000.00,SVC-02,SVC-02 Servicing LLC,2026-07-17T00:00:00.000Z,COMPLETE,FISERV,REJECTED,1,9dd87c44eebec93b2534712af742873cd624cf44e8b203e7c842a736dfaf40b0
LN-000138,B-00057,PERSONAL,Home improvement,2015-05-04,2045-05-04,586500.00,353331.96,7.1550,360,3963.24,CURRENT,0,2026-07-07,IL,82126,,A-,2 years,250k+,798000.00,SVC-05,SVC-05 Servicing LLC,2026-07-07T00:00:00.000Z,COMPLETE,FISERV,VERIFIED,1,a72c69d2a788d1e56a6d4d9bde5426374d35a26d866ecf76e72d834e7761f6fe
LN-000139,B-00234,FIXED,Home improvement,2023-02-03,2053-02-03,625500.00,466646.82,6.9760,360,4151.39,CURRENT,0,2026-07-01,TN,24411,619,B+,2 years,100-150k,836000.00,SVC-04,SVC-04 Servicing LLC,2026-07-08T00:00:00.000Z,COMPLETE,FISERV,VERIFIED,1,46c798fd74092a33f3b3e2efcf72a7d830e71a155d158070a04b1eb9e8589cd2
LN-000140,B-00264,ARM,Purchase,2020-02-04,2035-02-04,602500.00,472067.76,6.1210,180,5123.71,CURRENT,0,2026-06-30,FL,92913,613,C,7 years,100-150k,899000.00,SVC-02,SVC-02 Servicing LLC,2026-07-18T00:00:00.000Z,COMPLETE,SHAWBROOK,VERIFIED,1,7fe7d251d6eef2c3328bf5e58f3dfd80d470744582aeab7ca8fe1c1194cf14cd
LN-000141,B-00213,ARM,Purchase,2021-05-17,2031-05-17,131000.00,120039.86,6.7610,120,1504.93,DELINQUENT,75,2026-07-01,IN,07638,671,B,2 years,150-250k,190000.00,SVC-05,SVC-05 Servicing LLC,2026-07-08T00:00:00.000Z,COMPLETE,FISERV,VERIFIED,3,7367a07aefc41047787f1c2be603f614102f58e7b23434d5d9a3b1a3d856e755
LN-000142,B-00209,ARM,Purchase,2018-09-23,2038-09-23,676000.00,535198.32,4.0010,240,4096.78,DELINQUENT,45,2026-06-22,,15301,,A-,5 years,<50k,896000.00,SVC-04,SVC-04 Servicing LLC,2026-07-12T00:00:00.000Z,MISSING,BLACKKNIGHT,REJECTED,1,d7ec795fb559f35119dcb5468583eab034ed609611b1ded91fa36f23894532fb
LN-000143,B-00167,PERSONAL,Debt consolidation,2018-04-07,2025-04-07,371500.00,248179.16,5.9200,84,5412.84,CURRENT,0,2026-06-06,WA,23582,811,B,7 years,<50k,580000.00,SVC-01,SVC-01 Servicing LLC,2026-07-10T00:00:00.000Z,COMPLETE,BLACKKNIGHT,VERIFIED,1,a7af34d1209b67216b15aa9ca1f86c75186cbad25961989f78b323c259b7a851
LN-000144,B-00132,HELOC,Cash-out refi,2017-02-10,2027-10-02,741500.00,569961.55,4.4060,120,7651.23,CURRENT,0,2026-06-27,WI,76447,590,C+,5 years,150-250k,1027000.00,SVC-04,SVC-04 Servicing LLC,2026-07-26T00:00:00.000Z,COMPLETE,BLACKKNIGHT,VERIFIED,1,53cfc0b75743bf374ca0b1879155f7537db8eea155e60d9d5d4d324591b9152f
LN-000145,B-00255,HELOC,Purchase,2024-03-14,2031-03-14,522000.00,269475.32,4.1060,84,7160.62,CURRENT,0,2026-07-16,AZ,46767,605,A-,1 year,75-100k,780000.00,SVC-02,SVC-02 Servicing LLC,2026-07-23T00:00:00.000Z,COMPLETE,LEGACY-AS400,VERIFIED,2,34b2036ceb5f9aca3ff2dd2313871ca3531aec571644415c402d84c6c4938b8a
LN-000146,B-00454,HELOC,Debt consolidation,2017-01-17,2027-01-17,830000.00,749456.59,7.5870,120,9889.98,CURRENT,0,2026-06-03,TX,45404,,B-,3 years,150-250k,1096000.00,SVC-03,SVC-03 Servicing LLC,2026-07-11T00:00:00.000Z,COMPLETE,FISERV,VERIFIED,1,b3b33ad260392b55a2a9c65091bcfaed660178bd0776421bcfec2ac51a6bf086
LN-000147,B-00119,ARM,Home improvement,2019-10-01,2049-10-01,356500.00,240857.29,6.4920,360,2251.45,CURRENT,0,2026-07-26,CA,84043,590,B+,3 years,100-150k,511000.00,SVC-01,SVC-01 Servicing LLC,2026-07-27T00:00:00.000Z,COMPLETE,ENCOMPASS,VERIFIED,1,6a5cd83fbd773eca16335d42c54af6322fe6a7fc39967cb8b25fc6f0e5efd492
LN-000148,B-00024,FIXED,Home improvement,2019-06-11,2049-06-11,675500.00,456009.41,3.9740,360,3214.82,CURRENT,0,2026-06-07,MO,43348,800,A-,10+ years,<50k,1016000.00,SVC-01,SVC-01 Servicing LLC,2026-07-17T00:00:00.000Z,COMPLETE,LEGACY-AS400,VERIFIED,1,787f95ce8cd85be7eb39391547654135424266a425079de1a667b71ad310747b
LN-000149,B-00367,FIXED,Refinance,2022-01-25,2029-01-25,93000.00,68036.83,7.7740,84,1439.07,CURRENT,0,2026-07-27,NC,59458,786,C+,1 year,250k+,125000.00,SVC-05,SVC-05 Servicing LLC,2026-07-29T00:00:00.000Z,COMPLETE,FISERV,VERIFIED,3,6a8d4b2aae86701f83d62d1f17c061160a2f1b44b8d1d8e34ab7970036b6a273
LN-000150,B-00177,FIXED,Cash-out refi,2016-01-22,2026-01-22,150500.00,94021.74,4.9100,120,1589.67,CURRENT,0,2026-06-17,GA,57457,,B,3 years,150-250k,206000.00,SVC-06,SVC-06 Servicing LLC,2026-07-17T00:00:00.000Z,COMPLETE,LEGACY-AS400,VERIFIED,2,407eecff1621565c059f5f0259fbfe16e4cf07af7ca9e9fcf78179366051d3c4
LN-000152,B-00469,ARM,Home improvement,2017-11-08,2032-11-08,655000.00,335771.18,4.6060,180,5046.26,CURRENT,0,2026-06-27,NC,32374,716,C,7 years,50-75k,933000.00,SVC-06,SVC-06 Servicing LLC,2026-07-27T00:00:00.000Z,COMPLETE,FISERV,VERIFIED,1,aa4c05138d0ee12e1f9c62bae6c8d880558008b706121b7693263e294bb1e0c1
LN-000153,B-00442,FIXED,Purchase,2016-03-19,2046-03-19,612500.00,561265.20,4.5820,360,3133.36,CURRENT,0,2026-06-20,WI,40373,662,B+,7 years,150-250k,839000.00,SVC-02,SVC-02 Servicing LLC,2026-07-29T00:00:00.000Z,COMPLETE,LEGACY-AS400,VERIFIED,1,5c8b47f247f445f84461192babb818ddc18fadfc5ff3687d1cf59df38f383926
LN-000154,B-00261,FIXED,Cash-out refi,2021-06-18,2036-06-18,294500.00,230663.32,6.8390,180,2620.61,DELINQUENT,30,2026-06-15,FL,63711,,B+,10+ years,250k+,394000.00,SVC-01,SVC-01 Servicing LLC,2026-07-28T00:00:00.000Z,COMPLETE,SHAWBROOK,VERIFIED,1,00450c68afd34167d5bcce94d68aa91c065e607a3fa71618eeac95b8c8967aa5
LN-000155,B-00376,HELOC,Cash-out refi,2015-05-17,2030-05-17,81500.00,63141.82,6.5760,180,713.36,CURRENT,0,2026-07-17,IL,92562,649,A-,3 years,150-250k,125000.00,SVC-03,SVC-03 Servicing LLC,2026-07-22T00:00:00.000Z,COMPLETE,FISERV,VERIFIED,1,52a7cca940f4af9f4c4f08a269354fa63591e23d3fc155734b46c1a851f88bfd
LN-000156,B-00040,FIXED,Debt consolidation,2016-11-07,2023-11-07,80000.00,49820.17,4.3350,84,1105.88,CURRENT,0,2026-06-17,FL,51859,601,B-,2 years,250k+,126000.00,SVC-04,SVC-04 Servicing LLC,2026-07-10T00:00:00.000Z,PARTIAL,LEGACY-AS400,VERIFIED,1,a1d6f806726d5272007df6a7c3f5fa3423a09506c9cbbffa320ad66e50664c15
LN-000157,B-00309,FIXED,Purchase,2022-06-15,2052-06-15,703500.00,607039.81,5.4330,360,3964.87,DELINQUENT,120,2026-07-17,OH,82128,664,C,1 year,50-75k,868000.00,SVC-05,SVC-05 Servicing LLC,2026-07-27T00:00:00.000Z,COMPLETE,SHAWBROOK,VERIFIED,2,53625c8f81885a4ee78735b508213b120c87e86642d28e221d677f7ec59928a3
LN-000158,B-00318,FIXED,Refinance,2015-10-22,2020-10-22,61500.00,34277.94,7.5270,60,1233.12,CURRENT,0,2026-07-06,WI,05223,,B,10+ years,150-250k,68000.00,SVC-05,SVC-05 Servicing LLC,2026-07-10T00:00:00.000Z,COMPLETE,BLACKKNIGHT,VERIFIED,1,a18265e570977235e5c4d4a4e5d7a2ee8f6cd596705bff582d356ab42b96eff5
LN-000159,B-00253,ARM,Debt consolidation,2019-05-27,2029-05-27,798500.00,706734.05,5.8270,120,8795.78,CURRENT,0,2026-06-19,GA,02400,639,B+,5 years,50-75k,1245000.00,SVC-02,SVC-02 Servicing LLC,2026-07-30T00:00:00.000Z,COMPLETE,LEGACY-AS400,VERIFIED,1,f6677d1c544d8defc4a8ad17d8225361b162861c343607efd61cea50519db6ec
LN-000160,B-00285,FIXED,Refinance,2024-10-10,2039-10-10,318500.00,160800.93,6.6790,180,2805.91,DELINQUENT,75,2026-07-01,FL,83443,659,B,1 year,100-150k,423000.00,SVC-05,SVC-05 Servicing LLC,2026-07-20T00:00:00.000Z,COMPLETE,ENCOMPASS,VERIFIED,2,3119c21668fe4462192ac2a0698ed274ce34cd9dee199a2245a5b852864780d5
LN-000161,B-00454,ARM,Purchase,2021-10-04,2051-10-04,602000.00,366807.43,5.7030,360,3495.16,CURRENT,0,2026-07-02,IL,92455,599,A-,10+ years,150-250k,740000.00,SVC-06,SVC-06 Servicing LLC,2026-07-30T00:00:00.000Z,COMPLETE,SHAWBROOK,VERIFIED,1,7387c0f8fa2d7e807d1193a11e1ef043cec0f29f1f67fc9e98cce3e7f04ed8f3
LN-000162,B-00279,FIXED,Purchase,2020-01-24,2050-01-24,728000.00,728000.00,6.5730,360,4636.46,CURRENT,0,2026-06-04,NC,22407,,A-,2 years,<50k,869000.00,SVC-06,SVC-06 Servicing LLC,2026-07-18T00:00:00.000Z,COMPLETE,LEGACY-AS400,VERIFIED,2,3661ee25ed3f3227fca37cf521f968ad60a142513b8e98fd3112b66dc64ed87b
LN-000163,B-00380,PERSONAL,Refinance,2017-11-28,2047-11-28,738500.00,349984.42,4.2400,360,3628.65,CURRENT,0,2025-10-19,WA,57859,707,B+,5 years,250k+,1061000.00,SVC-05,SVC-05 Servicing LLC,2025-11-13T00:00:00.000Z,COMPLETE,BLACKKNIGHT,VERIFIED,1,7d9f290863ca2df849f6ae39304ecf2348d4bc353583311f218e6eda4b3d8587
LN-000164,B-00336,FIXED,Cash-out refi,2024-04-03,2039-04-03,107500.00,85773.59,5.3510,180,869.89,CURRENT,0,2026-06-05,NJ,34357,797,B,1 year,250k+,124000.00,SVC-06,SVC-06 Servicing LLC,2026-07-08T00:00:00.000Z,COMPLETE,FISERV,VERIFIED,1,e2492b9b32a5477be4c5c5f45522538fca907bf191a53f0a542d34b60b351420
LN-000165,B-00427,ARM,Home improvement,2015-05-06,2045-06-05,332500.00,197204.07,6.9850,360,2208.78,CURRENT,0,2026-07-25,MD,56826,706,B+,1 year,75-100k,369000.00,SVC-05,SVC-05 Servicing LLC,2026-07-28T00:00:00.000Z,COMPLETE,ENCOMPASS,VERIFIED,1,73ee77c28602c596de3a1bd6cf0e05b92f0b5493c87958c1a899b54fd9c58b45
LN-000166,B-00335,AUTO,Cash-out refi,2015-05-28,2020-05-28,431500.00,397938.06,4.7980,60,8103.06,CURRENT,0,2026-07-07,MA,61236,,A,3 years,150-250k,688000.00,SVC-04,SVC-04 Servicing LLC,2026-07-20T00:00:00.000Z,COMPLETE,SHAWBROOK,VERIFIED,1,94c15e46abae8b5572293133bb1ab89af4fc70fd9bca416983c874b753b5c7c6
LN-000167,B-00182,FIXED,Home improvement,2024-11-03,2029-11-03,699500.00,341050.71,7.0260,60,13859.52,CURRENT,0,2026-07-08,PA,11745,722,C,2 years,<50k,1087000.00,SVC-05,SVC-05 Servicing LLC,2026-07-24T00:00:00.000Z,COMPLETE,FISERV,VERIFIED,1,5c34d3a964f2cc3d883e83b9dbae48a09389ef5af876a5e85a9e1dc3bde2cfdf
LN-000168,B-00294,FIXED,Debt consolidation,2023-09-27,2043-09-27,273000.00,197113.83,7.7120,240,2234.79,CURRENT,0,2026-07-27,WI,70180,621,C,5 years,<50k,347000.00,SVC-01,SVC-01 Servicing LLC,2026-07-30T00:00:00.000Z,COMPLETE,ENCOMPASS,VERIFIED,1,f1483680d3020ac02341315a80879a692af46c27622bafac14fa087db30ece4b
LN-000169,B-00227,ARM,Purchase,2017-01-09,2037-01-09,433500.00,375003.36,5.1250,240,2890.93,CURRENT,0,2026-06-26,MI,47870,587,C,< 1 year,100-150k,664000.00,SVC-02,SVC-02 Servicing LLC,2026-07-17T00:00:00.000Z,COMPLETE,ENCOMPASS,VERIFIED,2,ed33e9674e66090da0cd5bbff163b6476dfbd0ea42f222157272914cc5260e81
LN-000170,B-00153,FIXED,Cash-out refi,2016-05-19,2046-05-19,465000.00,440691.50,7.2730,360,3179.38,CURRENT,0,2026-07-16,AZ,54865,,C+,3 years,150-250k,635000.00,SVC-06,SVC-06 Servicing LLC,2026-07-18T00:00:00.000Z,COMPLETE,SHAWBROOK,VERIFIED,1,e5fb50a0eb381e0a913e16a02831145396b7c45408756f78bc9dacca51e8a070
LN-000171,B-00210,ARM,Refinance,2022-02-25,2037-02-25,629500.00,559146.31,5.5990,180,5176.67,CURRENT,0,2026-06-03,AZ,80854,660,B-,5 years,50-75k,766000.00,SVC-03,SVC-03 Servicing LLC,2026-07-06T00:00:00.000Z,COMPLETE,SHAWBROOK,VERIFIED,1,504157baef79c654048ad2e45a2b0adf451af33591d990e254dfbc53902a7f6f
LN-000172,B-00199,PERSONAL,Home improvement,2022-08-21,2042-08-21,479500.00,296868.81,8.1660,240,4060.41,CURRENT,0,2026-06-14,TN,94074,1200,B-,< 1 year,250k+,668000.00,SVC-04,SVC-04 Servicing LLC,2026-07-20T00:00:00.000Z,COMPLETE,ENCOMPASS,REJECTED,1,8b64af11b199fb0968148ebd53fa64a7d5ca949227fc7b8d14311f5f304b5850
LN-000173,B-00243,FIXED,Refinance,,2028-11-24,533000.00,269110.06,7.2470,120,6256.65,DEFAULT,120,2026-06-18,TN,18712,667,B+,3 years,75-100k,627000.00,SVC-04,SVC-04 Servicing LLC,2026-07-21T00:00:00.000Z,COMPLETE,ENCOMPASS,REJECTED,1,045c1cb558122b649bdb3d13318abd208410bf70317f8c70faf7881b9d14991a
LN-000174,B-00431,ARM,Cash-out refi,2015-06-10,2030-06-10,621000.00,336270.17,6.6080,180,5446.51,CURRENT,0,2026-06-20,CA,22518,,A-,3 years,250k+,893000.00,SVC-06,SVC-06 Servicing LLC,2026-07-06T00:00:00.000Z,COMPLETE,SHAWBROOK,VERIFIED,1,4217f2cc7b8d0669adc7a9cdddefce043b9e78188d2448c7e5d4fd7ee8bf4e9b
LN-000175,B-00168,ARM,Home improvement,2018-11-21,2025-11-21,196500.00,165946.98,5.1370,84,2789.98,CURRENT,0,2026-07-02,,06829,802,C,7 years,150-250k,240000.00,SVC-06,SVC-06 Servicing LLC,2026-07-19T00:00:00.000Z,COMPLETE,SHAWBROOK,VERIFIED,1,9e1a60acbd9124e5cba7a98f123fe973a8602542cfb6c20c9bf20d5eb61e57e9
LN-000176,B-00432,FIXED,Cash-out refi,2023-01-25,2043-01-25,138500.00,78405.75,5.5470,240,956.40,DELINQUENT,60,2026-06-29,MO,75027,789,C+,< 1 year,50-75k,209000.00,SVC-03,SVC-03 Servicing LLC,2026-07-30T00:00:00.000Z,COMPLETE,SHAWBROOK,VERIFIED,2,b46aacae093cbe0d3a0b4dc67ecf7cb355c99a5965d00d89ed9c300b2c9ec5e3
LN-000177,B-00447,ARM,Cash-out refi,2023-11-18,2053-11-18,798500.00,408562.87,4.1530,360,3882.93,CURRENT,0,2026-06-22,PA,69513,712,B,5 years,50-75k,1149000.00,SVC-06,SVC-06 Servicing LLC,2026-07-29T00:00:00.000Z,COMPLETE,SHAWBROOK,VERIFIED,1,ba91f189b4a11fd5e56ff9682193eb4cbd4634272b1001690f0a6c7da46e247c
LN-000178,B-00356,FIXED,Home improvement,2016-04-24,2026-04-24,604500.00,376838.76,8.1460,120,7380.97,CURRENT,0,2026-06-26,WA,86148,,A,10+ years,100-150k,910000.00,SVC-01,SVC-01 Servicing LLC,2026-07-06T00:00:00.000Z,COMPLETE,FISERV,VERIFIED,1,e7f0dc49553b6332eb9eb63b1af8655fccd112a491cbf8e7ac9b5c48697c6c75
LN-000179,B-00398,ARM,Purchase,2016-06-15,2023-06-15,795000.00,645245.28,6.2840,84,11722.34,DELINQUENT,75,2026-06-14,PA,23139,667,A-,2 years,<50k,1156000.00,SVC-01,SVC-01 Servicing LLC,2026-07-21T00:00:00.000Z,COMPLETE,SHAWBROOK,VERIFIED,3,bb96e13df15b435e8975e48a320db2f1431609fff88c5fe4668e9ecba5c729b6
LN-000180,B-00248,HELOC,Home improvement,2021-10-03,2026-10-03,361500.00,172958.39,5.4500,60,6896.73,DELINQUENT,45,2026-06-26,MI,72980,597,C,2 years,150-250k,458000.00,SVC-01,SVC-01 Servicing LLC,2026-07-14T00:00:00.000Z,COMPLETE,SHAWBROOK,VERIFIED,1,8a3ad1d9b9d2a5a2490328dd0b69c284f35212de5ca14fcd1d08dd074011319f
LN-000181,B-00325,FIXED,Home improvement,2018-07-05,2048-07-05,442500.00,289579.39,6.7920,360,2882.41,CURRENT,0,2026-06-19,NC,56549,707,A-,5 years,50-75k,675000.00,SVC-03,SVC-03 Servicing LLC,2026-07-29T00:00:00.000Z,COMPLETE,FISERV,VERIFIED,2,144125cbfb30c9ce8b85ecef0651b767521aeef253403d05e55cc51649eb05f7
LN-000182,B-00035,HELOC,Home improvement,2024-01-27,2054-01-27,463500.00,227040.36,6.4950,360,2928.11,DELINQUENT,60,2026-07-18,MI,29120,,C,< 1 year,150-250k,537000.00,SVC-05,SVC-05 Servicing LLC,2026-07-25T00:00:00.000Z,COMPLETE,FISERV,VERIFIED,1,7e3ab188b11c5ceddbd85fc0d091f7ab8b0317206e6b700b74038f27d5c77b6f
LN-000183,B-00242,FIXED,Home improvement,2023-05-11,2028-05-11,244500.00,,5.3620,60,4654.68,PAID_OFF,0,2026-07-12,NY,,658,B-,5 years,250k+,379000.00,SVC-05,SVC-05 Servicing LLC,2026-07-17T00:00:00.000Z,COMPLETE,ENCOMPASS,REJECTED,1,d853e8509ab0a8d7403bad6d7d54195633f77d3e1cde30c3c4ebaedc4ea2caf6
LN-000184,B-00204,FIXED,Purchase,2016-06-19,2026-06-19,462000.00,358944.02,4.9460,120,4888.04,CURRENT,0,2026-06-13,PA,68318,683,A,1 year,<50k,736000.00,SVC-02,SVC-02 Servicing LLC,2026-07-13T00:00:00.000Z,COMPLETE,ENCOMPASS,VERIFIED,1,152e8aba818c39fa0cbe0da44bb07a5891c2bc15711935714c726a41c1554d91
LN-000185,B-00196,AUTO,Home improvement,2020-05-08,2035-05-08,650000.00,337231.01,6.5250,180,5671.13,CURRENT,0,2026-06-27,WI,68123,771,A-,2 years,75-100k,891000.00,SVC-04,SVC-04 Servicing LLC,2026-07-28T00:00:00.000Z,COMPLETE,FISERV,VERIFIED,1,72a0a6832e9edd0329d04cfca866e72e53e9afc128027090e610230383b9db3d
LN-000186,B-00281,FIXED,Debt consolidation,2024-03-06,2054-06-03,204500.00,169311.48,6.2700,360,1261.80,CURRENT,0,2026-06-24,PA,85035,,A-,3 years,150-250k,250000.00,SVC-06,SVC-06 Servicing LLC,2026-07-29T00:00:00.000Z,COMPLETE,FISERV,VERIFIED,1,902e3716a1e052c68b86376723bcaa551e1e6f85bfd98e25e6049b3356fa6bed
LN-000187,B-00008,FIXED,Home improvement,2015-06-13,2022-06-13,148500.00,89729.44,6.5770,84,2210.68,CURRENT,0,2026-06-22,PA,53166,668,A-,10+ years,<50k,219000.00,SVC-02,SVC-02 Servicing LLC,2026-07-11T00:00:00.000Z,PARTIAL,FISERV,VERIFIED,1,cee1dc4eb5a9a58c323d99da04f361339014e6bf902453b0c1026614bdd0c932
LN-000188,B-00338,FIXED,Purchase,2022-01-24,2052-01-24,849000.00,450600.09,7.4310,360,5896.27,CURRENT,0,2026-07-20,NJ,37444,802,A-,10+ years,50-75k,1119000.00,SVC-04,SVC-04 Servicing LLC,2026-07-24T00:00:00.000Z,COMPLETE,ENCOMPASS,VERIFIED,1,4a1bec67fec590f125841884ea8eda1b9bcd29034203bafac0a4e59198e2166d
LN-000189,B-00139,AUTO,Home improvement,2016-04-06,2046-04-06,688500.00,584555.34,6.7040,360,4444.57,DELINQUENT,45,2026-07-16,MI,88287,792,B+,7 years,<50k,833000.00,SVC-05,SVC-05 Servicing LLC,2026-07-28T00:00:00.000Z,MISSING,LEGACY-AS400,REJECTED,1,2c90042e0157ed6d614e2b72bf1a7342f6ef68ddaf05ff6be5573ab14b406fe4
LN-000190,B-00223,AUTO,Home improvement,2020-11-11,2040-11-11,545000.00,514898.62,5.0740,240,3619.08,CURRENT,0,2026-06-14,MA,35005,,B+,3 years,150-250k,622000.00,SVC-04,SVC-04 Servicing LLC,2026-07-28T00:00:00.000Z,COMPLETE,ENCOMPASS,VERIFIED,1,ca58a59dffc16e7d41f9d167a64714a5f9f4232f9b9e152cfc9b10fbc454423b
LN-000191,B-00256,FIXED,Cash-out refi,2015-10-26,2022-10-26,781000.00,561560.74,7.0620,84,11811.07,CURRENT,0,2026-07-02,TN,24441,636,A-,10+ years,150-250k,1091000.00,SVC-04,SVC-04 Servicing LLC,2026-07-22T00:00:00.000Z,COMPLETE,LEGACY-AS400,VERIFIED,1,15112806e9fe7e7c56aa1addf5162705df64e7000f0ae86f9c8d7600a82362bb
LN-000192,B-00103,HELOC,Purchase,2021-10-01,2036-10-01,204500.00,113933.12,4.8870,180,1605.16,CURRENT,0,2026-06-28,FL,09051,748,C+,7 years,100-150k,265000.00,SVC-05,SVC-05 Servicing LLC,2026-07-18T00:00:00.000Z,COMPLETE,BLACKKNIGHT,VERIFIED,1,2f7c713d71a8a920eab65af34f98ddcdb2d6ccc7e50cf955202055deb232a2ec
LN-000193,B-00424,HELOC,Home improvement,2024-04-07,2034-07-04,843000.00,405325.61,7.0510,120,9810.12,DELINQUENT,30,2026-07-04,NJ,83036,679,B,< 1 year,150-250k,1092000.00,SVC-05,SVC-05 Servicing LLC,2026-07-24T00:00:00.000Z,COMPLETE,LEGACY-AS400,VERIFIED,1,e9785fb77411cb7c14bca1c10bbc31fc29b908ace420bf43d18c214ffc073ca2
LN-000194,B-00178,AUTO,Debt consolidation,2024-12-01,2034-12-01,560500.00,516742.43,7.1710,120,6557.39,DEFAULT,90,2026-06-21,IN,19253,,C,10+ years,150-250k,778000.00,SVC-01,SVC-01 Servicing LLC,2026-07-25T00:00:00.000Z,COMPLETE,BLACKKNIGHT,VERIFIED,1,3112ee0986181c0e2f26fdc90f78f4671518227530310e4a2dbd4b1064d50340
LN-000195,B-00397,PERSONAL,Debt consolidation,2018-04-26,2033-04-26,114500.00,52164.73,6.5530,180,1000.76,CURRENT,0,2026-07-08,NY,59076,620,C,5 years,150-250k,182000.00,SVC-05,SVC-05 Servicing LLC,2026-07-23T00:00:00.000Z,COMPLETE,FISERV,VERIFIED,1,ab04b17d1c11fc9742a0fac0bb7def8332d9c4be955c1e0be6928647ecbd5812
LN-000196,B-00208,AUTO,Purchase,2018-11-22,2028-11-22,291500.00,227498.30,5.6790,120,3189.46,CURRENT,0,2026-06-26,VA,82765,705,A,10+ years,250k+,365000.00,SVC-01,SVC-01 Servicing LLC,2026-07-21T00:00:00.000Z,COMPLETE,SHAWBROOK,VERIFIED,1,86ae84087db004452f7ff7e1ce076e98d375a413370180914dca36d518757045
LN-000197,B-00373,FIXED,Cash-out refi,2015-10-09,2030-10-09,812500.00,768071.62,3.7680,180,5915.94,CURRENT,0,2026-06-22,GA,38127,802,B,3 years,150-250k,1079000.00,SVC-05,SVC-05 Servicing LLC,2026-07-07T00:00:00.000Z,COMPLETE,FISERV,VERIFIED,1,1479e4cbc98b0de78ff9d2c55f776a2771d2141123bd1cc5505162104d1945d0
LN-000198,B-00367,ARM,Home improvement,2023-08-22,2038-08-22,704000.00,399208.39,4.2860,180,5308.88,DELINQUENT,75,2026-06-28,AZ,99623,,B,10+ years,150-250k,1118000.00,SVC-01,SVC-01 Servicing LLC,2026-07-17T00:00:00.000Z,COMPLETE,SHAWBROOK,VERIFIED,2,41f5c43ce7286c77e6355ecb24a6982a6bba874cf3fdb4a19e7fd243a1f51f20
LN-000199,B-00217,HELOC,Refinance,2022-01-12,2032-01-12,151000.00,151000.00,4.9190,120,1595.62,CURRENT,0,2026-07-08,CA,45368,584,A-,5 years,100-150k,167000.00,SVC-05,SVC-05 Servicing LLC,2026-07-08T00:00:00.000Z,COMPLETE,LEGACY-AS400,VERIFIED,2,f14289ec9b0244707c929933496ad9fff0c3f358759566bd19bb8eec8c61558e
LN-000200,B-00463,FIXED,Cash-out refi,2017-12-18,2024-12-18,513000.00,261858.60,5.9760,84,7488.29,CURRENT,0,2026-06-19,PA,59830,687,C+,5 years,150-250k,629000.00,SVC-05,SVC-05 Servicing LLC,2026-07-24T00:00:00.000Z,COMPLETE,LEGACY-AS400,REJECTED,1,d929b75350943259210addbd280ffaee1e3abe087492938560af4f7eff7a102a
LN-000200,B-00209,ARM,Refinance,2023-06-14,2053-06-14,372500.00,337120.97,7.7840,360,2677.39,CURRENT,0,2026-07-14,OH,80503,623,B,3 years,100-150k,483000.00,SVC-01,SVC-01 Servicing LLC,2026-07-30T00:00:00.000Z,COMPLETE,SHAWBROOK,REJECTED,1,16816b1e6f2681fa0b2f720682c91e8ccb211e907274b3dbf96147de8c16d71b
LN-000201,B-00263,ARM,Cash-out refi,2018-11-06,2048-11-06,356000.00,234096.89,7.4900,360,2486.77,CURRENT,-10,2026-06-13,IN,36104,679,B,1 year,<50k,399000.00,SVC-06,SVC-06 Servicing LLC,2026-07-15T00:00:00.000Z,COMPLETE,LEGACY-AS400,VERIFIED,1,18631965a3d09ca7c077a193d0629fe5cb9517fd3ee4b20cd335862efc71bc91
LN-000202,B-00021,PERSONAL,Home improvement,2022-07-16,2029-07-16,477000.00,294283.99,3.9740,84,6514.31,CURRENT,0,2026-01-20,PA,89383,,C,3 years,100-150k,723000.00,SVC-04,SVC-04 Servicing LLC,2026-02-16T00:00:00.000Z,COMPLETE,ENCOMPASS,VERIFIED,2,5f83e44e61b3265dcb24fc25a8e2b3e26944cec7c5e1a9a210195f4cc9bb3eec
LN-000203,B-00317,ARM,Debt consolidation,2019-07-11,2049-07-11,439000.00,324161.87,4.2840,360,2168.36,CURRENT,0,2026-06-15,MA,59250,710,B+,3 years,250k+,579000.00,SVC-02,SVC-02 Servicing LLC,2026-07-17T00:00:00.000Z,COMPLETE,ENCOMPASS,VERIFIED,1,b42ddf6e87a8230f5c5024a09457a35c77bf9a02fd01f33168ea50093d38d014
LN-000204,B-00244,PERSONAL,Home improvement,2021-08-23,2051-08-23,466500.00,385488.08,4.7050,360,2420.85,CURRENT,0,2026-07-18,TN,51650,621,C,2 years,150-250k,567000.00,SVC-06,SVC-06 Servicing LLC,2026-07-30T00:00:00.000Z,COMPLETE,BLACKKNIGHT,VERIFIED,1,c72b4086e4f1534ad4330631db24818082239c2760d14441c56c3e4b084d8acd
LN-000205,B-00378,ARM,Home improvement,2024-10-27,2054-10-27,713500.00,658094.17,7.8710,360,5171.39,CURRENT,0,2026-06-15,GA,29716,630,B-,< 1 year,75-100k,1112000.00,SVC-06,SVC-06 Servicing LLC,2026-07-08T00:00:00.000Z,COMPLETE,LEGACY-AS400,VERIFIED,1,82045fac22f4f6175e3630b4204e409296c2744c0299f56780a84ed34aebecd7
LN-000206,B-00179,PERSONAL,Cash-out refi,2024-10-13,2054-10-13,660500.00,445039.82,3.9660,360,3140.40,CURRENT,0,2026-06-30,CA,41961,,A-,5 years,75-100k,1002000.00,SVC-06,SVC-06 Servicing LLC,2026-07-10T00:00:00.000Z,COMPLETE,LEGACY-AS400,VERIFIED,1,3557853a32f7abff22e070e76a3829b31d28cedbc14b86c98ffdd93a67c7c188
LN-000207,B-00330,HELOC,Debt consolidation,2023-06-10,2030-10-06,84000.00,79485.69,7.6460,84,1294.48,DELINQUENT,30,2026-07-23,MI,84182,640,C+,5 years,150-250k,107000.00,SVC-01,SVC-01 Servicing LLC,2026-07-23T00:00:00.000Z,COMPLETE,FISERV,VERIFIED,1,4c05fea26c1e4d3f772bd4bc9e1e7c7aecf70371e8ab992af7e871f1e64eae04
LN-000208,B-00400,PERSONAL,Cash-out refi,2020-05-19,2050-05-19,828500.00,491145.04,4.2200,360,4061.18,CURRENT,0,2026-07-02,,76209,618,B+,7 years,75-100k,1322000.00,SVC-02,SVC-02 Servicing LLC,2026-07-07T00:00:00.000Z,COMPLETE,SHAWBROOK,VERIFIED,1,2f165b7ff9aa6f43eb32c1ff6b1c51200c5170990d2fe0d6df5bac311f4a8327
LN-000209,B-00049,HELOC,Refinance,2022-12-12,2052-12-12,280500.00,217402.31,5.9860,360,1679.22,CURRENT,0,2026-07-04,FL,09356,677,C,10+ years,<50k,344000.00,SVC-06,SVC-06 Servicing LLC,2026-07-31T00:00:00.000Z,COMPLETE,LEGACY-AS400,VERIFIED,1,8866ce84e442e828511cdee9f335616fabd7a26dc1a31681ffed92d0aa5eb0d0
LN-000210,B-00307,ARM,Home improvement,2016-09-18,2021-09-18,572000.00,374143.61,3.8920,60,10506.40,CURRENT,0,2026-06-01,NC,12494,,B,3 years,150-250k,774000.00,SVC-03,SVC-03 Servicing LLC,2026-07-13T00:00:00.000Z,COMPLETE,LEGACY-AS400,VERIFIED,1,4f1d6805ef3efa51973d56bccd357355da6b0809be7ffabbe22c89f40f4e1100
LN-000211,B-00031,ARM,Cash-out refi,2022-06-08,2029-06-08,688500.00,360773.77,4.5380,84,9582.43,CURRENT,0,2026-07-11,VA,75530,793,C+,7 years,150-250k,867000.00,SVC-05,SVC-05 Servicing LLC,2026-07-26T00:00:00.000Z,COMPLETE,BLACKKNIGHT,VERIFIED,1,d305e89f6b85863a4d503dcc6d6b1a20fe57d5b3e92b107738a0eb952a4ff26c
LN-000212,B-00324,AUTO,Home improvement,2054-11-14,2024-11-14,213500.00,137639.87,6.5720,360,1359.59,CURRENT,0,2026-06-22,IN,85996,721,B-,2 years,100-150k,318000.00,SVC-05,SVC-05 Servicing LLC,2026-07-07T00:00:00.000Z,COMPLETE,LEGACY-AS400,REJECTED,1,4a6ff23b0211f60c370f4b60be6d8046c0c45307c79043e9679a64f0ef585d86
LN-000213,B-00413,FIXED,Home improvement,2015-10-07,2022-10-07,62500.00,43470.31,7.9080,84,971.28,CURRENT,0,2026-06-08,TN,26815,710,B,3 years,150-250k,72000.00,SVC-04,SVC-04 Servicing LLC,2026-07-16T00:00:00.000Z,COMPLETE,SHAWBROOK,VERIFIED,1,28fcaf9fe3ce29f9d193def0029b84f4227f5503473f30fb4e196d64fcdd549a
LN-000214,B-00161,FIXED,Purchase,,2033-11-21,356000.00,263242.38,5.3260,120,3832.91,CURRENT,0,2026-06-24,GA,60775,,A,3 years,50-75k,554000.00,SVC-06,SVC-06 Servicing LLC,2026-07-24T00:00:00.000Z,COMPLETE,ENCOMPASS,REJECTED,1,213a8441921be4dfa9016dbe4e91eb53616a5480a3e16fa66bf6b464124a0402
LN-000215,B-00063,HELOC,Refinance,2016-04-18,2031-04-18,841500.00,718193.63,6.0890,180,7141.58,CURRENT,0,2026-06-28,AZ,08302,625,B-,3 years,75-100k,1337000.00,SVC-01,SVC-01 Servicing LLC,2026-07-18T00:00:00.000Z,COMPLETE,FISERV,VERIFIED,1,28917bc65cfc2ea786161b23ecce0d7992e3aa628ef3e0a117ba3f786334609e
LN-000216,B-00174,ARM,Cash-out refi,2020-09-10,2050-09-10,60000.00,50834.16,5.4560,360,339.02,CURRENT,0,2026-06-24,WA,69164,767,A-,2 years,100-150k,74000.00,SVC-01,SVC-01 Servicing LLC,2026-07-26T00:00:00.000Z,COMPLETE,LEGACY-AS400,VERIFIED,1,b7aa55fb6cdcd0dbe3417290f3b5f73e54d3b0efb2aee7e8b333d3fdd07f91e5
LN-000217,B-00055,AUTO,Home improvement,2024-10-27,2039-10-27,330500.00,221244.36,5.8420,180,2760.81,DELINQUENT,75,2026-07-05,MD,06079,658,B+,3 years,75-100k,381000.00,SVC-02,SVC-02 Servicing LLC,2026-07-13T00:00:00.000Z,COMPLETE,LEGACY-AS400,VERIFIED,3,8c918027e51340aaed87eeb13e5eda1c9f6ee49d94f2f35d10b1617ecb27d907
LN-000218,B-00044,ARM,Cash-out refi,2024-04-28,2054-04-28,795000.00,736431.43,8.1010,360,5889.50,CURRENT,0,2026-07-05,IN,13351,,B-,7 years,<50k,1097000.00,SVC-01,SVC-01 Servicing LLC,2026-07-13T00:00:00.000Z,PARTIAL,LEGACY-AS400,VERIFIED,1,63440427ee0394596335a101e9b7d01d9ccfbf98d037fb0a8026f3560b50ce49
LN-000219,B-00343,AUTO,Refinance,2016-02-23,2046-02-23,553000.00,379385.26,5.9870,360,3310.89,CURRENT,0,2026-06-12,MO,77063,766,B-,10+ years,150-250k,781000.00,SVC-03,SVC-03 Servicing LLC,2026-07-23T00:00:00.000Z,COMPLETE,FISERV,VERIFIED,1,72b0cf0e0c0a781c5a0338fa3d90a8f96a18c2449150b59e1519a988529e29d4
LN-000220,B-00300,AUTO,Cash-out refi,2023-12-18,2033-12-18,279000.00,126340.05,7.6380,120,3331.91,CURRENT,0,2026-06-17,TX,71113,728,B-,2 years,50-75k,404000.00,SVC-01,SVC-01 Servicing LLC,2026-07-15T00:00:00.000Z,COMPLETE,SHAWBROOK,VERIFIED,1,83d0ec2084b962ae3d2ed8ca0491e0b6ada95d8c33117b8111748778c82dc83c
LN-000221,B-00284,FIXED,Refinance,2023-04-06,2053-06-04,843000.00,686321.78,7.9150,360,6135.76,CURRENT,0,2026-06-06,FL,10658,624,A,10+ years,75-100k,957000.00,SVC-04,SVC-04 Servicing LLC,2026-07-19T00:00:00.000Z,COMPLETE,SHAWBROOK,VERIFIED,1,5acbcedffbf7746fcc4cfcf1545e84f56aeb89d1ad11fdaa2ad1290210891c7b
LN-000222,B-00327,FIXED,Cash-out refi,2023-06-11,2053-06-11,839500.00,778311.14,7.4480,360,5840.04,CURRENT,0,2026-06-30,NC,78947,,C+,< 1 year,250k+,1310000.00,SVC-99,SVC-99 Servicing LLC,2026-07-27T00:00:00.000Z,COMPLETE,FISERV,VERIFIED,1,aa627463e69b014e05e2757b606b564077dd2def38ab2a7a6d8d55048b677232
LN-000223,B-00134,FIXED,Purchase,2022-05-27,2052-05-27,123500.00,61876.57,6.8530,360,809.49,CURRENT,0,2026-06-07,IL,07688,653,B+,< 1 year,100-150k,147000.00,SVC-05,SVC-05 Servicing LLC,2026-07-20T00:00:00.000Z,COMPLETE,BLACKKNIGHT,VERIFIED,1,d0a658bcb61c3ef6257db41c1ce8dfe12bc51e548d320bd469b49ff99956edbc
LN-000224,B-00071,FIXED,Purchase,2020-08-07,2050-08-07,488500.00,238737.49,6.0450,360,2942.95,CURRENT,0,2026-06-21,MO,77584,772,C+,10+ years,<50k,622000.00,SVC-05,SVC-05 Servicing LLC,2026-07-26T00:00:00.000Z,COMPLETE,FISERV,VERIFIED,1,d37591d65aa27cb1e8a04bf3229a1c90e6657ba213de37f9a65772d1bc56e5eb
LN-000225,B-00265,AUTO,Home improvement,2021-09-26,2026-09-26,258500.00,142962.66,6.6140,60,5071.66,CURRENT,0,2026-06-22,OH,94666,593,A-,3 years,150-250k,378000.00,SVC-06,SVC-06 Servicing LLC,2026-07-15T00:00:00.000Z,COMPLETE,BLACKKNIGHT,VERIFIED,1,e37484597bc963dae39da000d5f8091ba572ab1496bacd8f479a25348c368792
LN-000226,B-00072,AUTO,Cash-out refi,2021-06-13,2028-06-13,755500.00,697301.54,5.6420,84,10907.56,CURRENT,0,2026-07-21,IL,06535,,B+,10+ years,<50k,1102000.00,SVC-04,SVC-04 Servicing LLC,2026-07-26T00:00:00.000Z,COMPLETE,BLACKKNIGHT,VERIFIED,1,47fa41c8b5307e5fa8deb544a1c3e92c69b0d50fc0237ae4194c78e553960db8
LN-000227,B-00174,ARM,Purchase,2023-12-27,2053-12-27,493500.00,448298.89,6.7390,360,3197.22,CURRENT,0,2026-07-31,PA,10424,802,C+,2 years,150-250k,614000.00,SVC-06,SVC-06 Servicing LLC,2026-07-31T00:00:00.000Z,COMPLETE,SHAWBROOK,VERIFIED,1,c33d0604737aa21f30cf6bf85b7ca567ac20f5e623da457c4344e66e3e96da2c
LN-000228,B-00410,ARM,Debt consolidation,2016-02-24,2046-02-24,504000.00,355958.62,5.3230,360,2805.94,CURRENT,0,2026-07-01,VA,27550,662,B+,1 year,75-100k,699000.00,SVC-03,SVC-03 Servicing LLC,2026-07-16T00:00:00.000Z,COMPLETE,LEGACY-AS400,VERIFIED,2,00c4fc056e999805007134231868089c43ddc702563fb94a6f79032d29aed778
LN-000229,B-00333,ARM,Home improvement,2017-01-10,2047-01-10,301500.00,258470.17,6.6050,360,1926.55,DELINQUENT,120,2026-06-03,WI,69521,777,A,3 years,150-250k,382000.00,SVC-03,SVC-03 Servicing LLC,2026-07-06T00:00:00.000Z,COMPLETE,SHAWBROOK,VERIFIED,2,bf97850e7f78524835f64b5b2fa1871cebf92479ff4686abe1a80e655892f7f0
LN-000230,B-00312,AUTO,Refinance,2017-08-19,2037-08-19,336000.00,302862.02,5.0200,240,2221.17,CURRENT,0,2026-07-02,WI,91552,,B-,2 years,75-100k,440000.00,SVC-01,SVC-01 Servicing LLC,2026-07-26T00:00:00.000Z,COMPLETE,ENCOMPASS,VERIFIED,1,e5f24802291f4306aa3f9accddcdad89f2d904696a63943e402831611f39e5e6
LN-000231,B-00031,ARM,Debt consolidation,2016-11-16,2046-11-16,194500.00,173870.69,6.4920,360,1228.35,CURRENT,0,2026-07-11,GA,20170,722,C,7 years,75-100k,266000.00,SVC-02,SVC-02 Servicing LLC,2026-07-11T00:00:00.000Z,COMPLETE,SHAWBROOK,VERIFIED,1,e0642a39286ec2ff0c5de40b30e8eb22b9ea3c3afebe77f48ee3b7a49ed7c8ad
LN-000232,B-00305,ARM,Refinance,2015-08-09,2045-08-09,153000.00,107521.78,3.9570,360,726.66,CURRENT,0,2026-07-08,TN,93270,671,A-,10+ years,<50k,190000.00,SVC-05,SVC-05 Servicing LLC,2026-07-09T00:00:00.000Z,COMPLETE,BLACKKNIGHT,VERIFIED,1,5911a0d4c40369d4e4d8809899f2c38e63efc570afc7f96cd29e42696686507d
LN-000233,B-00093,PERSONAL,Purchase,2023-06-10,2043-06-10,480500.00,384021.66,5.1770,240,3218.26,CURRENT,0,2026-07-08,GA,59744,800,A-,7 years,50-75k,533000.00,SVC-03,SVC-03 Servicing LLC,2026-07-26T00:00:00.000Z,COMPLETE,BLACKKNIGHT,VERIFIED,1,95aaa225358146f1f5a0494a9e089139996d71c368fd3cae2d150b5255356b68
LN-000234,B-00011,PERSONAL,Debt consolidation,1900-01-01,2054-10-14,136500.00,103294.33,4.4710,360,689.28,CURRENT,0,2026-06-10,NY,61127,,C,3 years,250k+,162000.00,SVC-04,SVC-04 Servicing LLC,2026-07-10T00:00:00.000Z,COMPLETE,BLACKKNIGHT,VERIFIED,1,5fa42cd1458de87c7c194f517002ce5aa0ddbd7f0b0451206849e044b77a043d
LN-000235,B-00137,FIXED,Refinance,2021-05-05,2051-05-05,86000.00,65702.71,4.4440,360,432.89,CURRENT,0,2026-06-17,FL,46892,748,C+,2 years,50-75k,122000.00,SVC-02,SVC-02 Servicing LLC,2026-07-10T00:00:00.000Z,COMPLETE,BLACKKNIGHT,VERIFIED,1,fba90364e769dfff91d57c92547e8eda67941192d5457dae9e519dc7a190b1ad
LN-000236,B-00443,PERSONAL,Home improvement,2024-03-13,2034-03-13,421500.00,0.00,7.0200,120,4898.32,PAID_OFF,30,2026-07-15,CA,19181,701,C+,10+ years,75-100k,673000.00,SVC-02,SVC-02 Servicing LLC,2026-07-30T00:00:00.000Z,MISSING,LEGACY-AS400,REJECTED,3,1be5d7945cfa02dd58f5e635eedf59680debd4da0035d63939864251516b8b26
LN-000237,B-00031,FIXED,Home improvement,2015-02-21,2022-02-21,722000.00,590562.54,7.7030,84,11146.71,CURRENT,0,2026-07-02,FL,54847,728,C,7 years,250k+,939000.00,SVC-03,SVC-03 Servicing LLC,2026-07-26T00:00:00.000Z,COMPLETE,SHAWBROOK,VERIFIED,1,370787fa9bae5942211e7476aa098f9071b2ff2ee92e4d0459523005b8a2f18c
LN-000238,B-00140,HELOC,Debt consolidation,2024-08-19,2044-08-19,122500.00,69583.29,7.2200,240,965.99,CURRENT,0,2026-06-19,MA,61477,,A-,1 year,150-250k,154000.00,SVC-03,SVC-03 Servicing LLC,2026-07-29T00:00:00.000Z,COMPLETE,SHAWBROOK,VERIFIED,1,036c79836e02169a7ce7b69af3fd3c2c86298e47d1e3fd2a4b141de02a626c48
LN-000239,B-00054,ARM,Cash-out refi,2022-10-03,2032-10-03,670000.00,401109.69,5.6670,120,7326.83,CURRENT,0,2026-06-15,VA,82401,764,B+,3 years,100-150k,828000.00,SVC-05,SVC-05 Servicing LLC,2026-07-14T00:00:00.000Z,COMPLETE,FISERV,VERIFIED,1,3f481c4bddd1a9ef5dcdfc5edd2cca31a7c903be2996d4b8b7faac25e5fc6d30
LN-000240,B-00363,AUTO,Purchase,2021-12-21,2051-12-21,733000.00,441435.53,5.9250,360,4359.42,CURRENT,0,2026-07-23,MD,56222,668,C+,3 years,50-75k,923000.00,SVC-05,SVC-05 Servicing LLC,2026-07-31T00:00:00.000Z,COMPLETE,SHAWBROOK,VERIFIED,1,d12fe21b1d4d0ea54205c376d8f6ce31434861d9c3f0742b68668790e6478e40
LN-000241,B-00210,FIXED,Cash-out refi,2018-09-22,2048-09-22,719500.00,381704.26,6.3740,360,4488.27,CURRENT,0,2025-07-12,,05150,754,B,5 years,250k+,1034000.00,SVC-01,SVC-01 Servicing LLC,2025-08-18T00:00:00.000Z,COMPLETE,LEGACY-AS400,VERIFIED,1,380952074c1fffdd0c2d5da9c2ff261d791a5cf2a94d3cc635d5c40e38c727e2
LN-000242,B-00279,ARM,Refinance,2022-09-20,2052-09-20,722500.00,421738.56,7.9810,360,5291.88,CURRENT,0,2026-06-08,WI,23548,,A,1 year,50-75k,825000.00,SVC-01,SVC-01 Servicing LLC,2026-07-13T00:00:00.000Z,COMPLETE,SHAWBROOK,VERIFIED,1,d58b7048b07c5e82a9b7b71ce8e32cb0c7a02cb037bc9abd6832c9b73f92bcd5
LN-000243,B-00400,FIXED,Cash-out refi,2022-08-14,2052-08-14,148000.00,80111.73,5.1280,360,806.11,CURRENT,0,2026-07-06,WA,07796,1200,A,2 years,100-150k,189000.00,SVC-03,SVC-03 Servicing LLC,2026-07-07T00:00:00.000Z,COMPLETE,ENCOMPASS,REJECTED,1,d92519b1c96181930000d117ed6dc13045283a10369dea5d39e8def5122bb8e6
LN-000244,B-00457,FIXED,Home improvement,2019-02-16,2039-02-16,694000.00,499535.50,5.1600,240,4641.66,CURRENT,0,2026-06-12,IL,95858,740,C,7 years,50-75k,857000.00,SVC-03,SVC-03 Servicing LLC,2026-07-13T00:00:00.000Z,COMPLETE,BLACKKNIGHT,VERIFIED,1,45e8d16363c8e313d6f8e07bebbcf6a89266c46623e69cc9779631b2dec251a9
LN-000245,B-00198,PERSONAL,Cash-out refi,2016-06-02,2046-06-02,749500.00,609020.65,3.8440,360,3511.15,CURRENT,0,2026-06-10,MA,22746,770,C,1 year,50-75k,876000.00,SVC-05,SVC-05 Servicing LLC,2026-07-06T00:00:00.000Z,COMPLETE,BLACKKNIGHT,VERIFIED,1,f91c4f1ef78d23444ab76cf8f73013b8a313371b4480f702032e3d2e016f978f
LN-000246,B-00442,HELOC,Cash-out refi,2022-01-08,2032-01-08,733500.00,434860.89,7.1980,120,8591.60,CURRENT,0,2026-06-25,OH,40172,,A-,3 years,<50k,940000.00,SVC-06,SVC-06 Servicing LLC,2026-07-13T00:00:00.000Z,COMPLETE,FISERV,VERIFIED,1,51377e86de00937c29c645d9fc34a42a32072430eb67d32476ce39765aa4f355
LN-000247,B-00437,FIXED,Home improvement,2017-07-04,2032-07-04,704500.00,578595.50,19.7500,180,12243.19,CURRENT,0,2026-07-18,MI,63188,728,B-,1 year,100-150k,1123000.00,SVC-05,SVC-05 Servicing LLC,2026-07-20T00:00:00.000Z,COMPLETE,LEGACY-AS400,VERIFIED,2,8737862fd7d952f67f954df2c89f6ac110cbe9f628eba846ec19041d7044972c
LN-000248,B-00301,ARM,Debt consolidation,2023-11-07,2030-11-07,93000.00,84090.57,5.5760,84,1339.77,CURRENT,0,2026-06-21,MI,33856,744,A-,3 years,75-100k,117000.00,SVC-06,SVC-06 Servicing LLC,2026-07-21T00:00:00.000Z,COMPLETE,BLACKKNIGHT,VERIFIED,1,a70edc004d446342af315c1d1b5a7c9d4e45dcc740e94257c12168294092bd46
LN-000249,B-00180,PERSONAL,Refinance,2022-08-18,2027-08-18,332000.00,229219.41,8.0340,60,6737.17,CURRENT,0,2026-07-02,VA,82668,643,B+,7 years,50-75k,390000.00,SVC-03,SVC-03 Servicing LLC,2026-07-15T00:00:00.000Z,PARTIAL,ENCOMPASS,VERIFIED,1,7a1a64aa6df2d9eb4f8a3b182a6a5dc4a0ce5dc0790cf8c5fbfe5afe97e90e36
LN-000250,B-00335,FIXED,Refinance,2022-03-15,2052-03-15,152000.00,82485.75,4.4870,360,768.99,DELINQUENT,30,2026-05-27,WI,66390,,C+,3 years,<50k,242000.00,SVC-04,SVC-04 Servicing LLC,2026-07-06T00:00:00.000Z,COMPLETE,SHAWBROOK,VERIFIED,1,e7c967d3bf2ef05060119b65d5db12967b40e9de749c20ee7f01861ec5835298
LN-000251,B-00041,AUTO,Cash-out refi,2021-07-20,2031-07-20,314500.00,190911.39,4.2900,120,3227.69,CURRENT,0,2026-06-18,NJ,16415,678,B,2 years,150-250k,478000.00,SVC-04,SVC-04 Servicing LLC,2026-07-23T00:00:00.000Z,COMPLETE,BLACKKNIGHT,VERIFIED,1,406dbd7b4492170937aa9ea2db58cd4f99def119eaa7388aae6f91a2ae270c89
LN-000252,B-00424,AUTO,Debt consolidation,2022-03-07,2042-03-07,50500.00,34499.68,6.5050,240,376.66,CURRENT,0,2026-07-08,MA,97885,597,C+,3 years,75-100k,58000.00,SVC-02,SVC-02 Servicing LLC,2026-07-22T00:00:00.000Z,COMPLETE,ENCOMPASS,VERIFIED,1,cc6332aae7006996e3f2ca0aefa82c47529f4063605030be7960697fc1c19f62
LN-000253,B-00096,AUTO,Cash-out refi,2018-08-10,2025-08-10,166000.00,128785.18,3.8320,84,2256.21,CURRENT,0,2026-06-14,NY,72923,757,B+,2 years,<50k,183000.00,SVC-04,SVC-04 Servicing LLC,2026-07-14T00:00:00.000Z,COMPLETE,FISERV,VERIFIED,2,841a7d14785ed4cc4ff7193ffc0696cc8201987ccf6a0d925f9315c56b3ce1ed
LN-000254,B-00206,AUTO,Refinance,2016-03-16,2046-03-16,569000.00,318786.16,7.2300,360,3873.87,CURRENT,0,2026-07-02,PA,63231,,C+,2 years,250k+,663000.00,SVC-01,SVC-01 Servicing LLC,2026-07-10T00:00:00.000Z,COMPLETE,ENCOMPASS,VERIFIED,2,d95dc3cdfe2db54a0e18393b3f8dddad2d37c203fb97ea237d864d7807ad3850
LN-000255,B-00285,HELOC,Home improvement,,2052-03-22,326500.00,255413.28,7.2350,360,2223.98,CURRENT,60,2026-07-01,NC,98044,764,A-,< 1 year,150-250k,440000.00,SVC-06,SVC-06 Servicing LLC,2026-07-23T00:00:00.000Z,COMPLETE,SHAWBROOK,REJECTED,1,ac912d9f9961d2dad9af06be1c828366443f9f257a5ad00ac8d9c8c8ca66c896
LN-000256,B-00022,FIXED,Refinance,2021-03-10,2028-10-03,167000.00,118181.62,5.4040,84,2392.19,DEFAULT,120,2026-06-14,PA,82637,692,B+,3 years,50-75k,260000.00,SVC-03,SVC-03 Servicing LLC,2026-07-20T00:00:00.000Z,COMPLETE,BLACKKNIGHT,VERIFIED,1,3fd6fbd88750f9b8b6789f7d6aba5641e52c3fe6208cd9e4222014e61ab22405
LN-000258,B-00189,PERSONAL,Refinance,2017-04-22,,486000.00,341568.32,3.8750,60,8923.04,CURRENT,0,2026-06-11,IL,68385,,B,3 years,<50k,755000.00,SVC-03,SVC-03 Servicing LLC,2026-07-07T00:00:00.000Z,COMPLETE,SHAWBROOK,REJECTED,1,66bfc8bdcdfa448a1a48e82b90652ebc803a06604c1777cc86581027faff1bfa
LN-000259,B-00397,ARM,Purchase,2017-03-25,2047-03-25,329000.00,181528.70,4.1030,360,1590.30,CURRENT,0,2026-06-16,VA,20248,744,B,2 years,50-75k,473000.00,SVC-03,SVC-03 Servicing LLC,2026-07-07T00:00:00.000Z,COMPLETE,SHAWBROOK,VERIFIED,1,ff5a9163c2d5cba1ec87ae39161bc6e52b612899fd769ed1ccabbfb02e3d0c6f
LN-000260,B-00115,PERSONAL,Refinance,2023-07-01,2053-07-01,423000.00,401228.10,5.1140,360,2300.32,CURRENT,0,2026-06-20,FL,02462,598,B+,7 years,250k+,531000.00,SVC-05,SVC-05 Servicing LLC,2026-07-27T00:00:00.000Z,COMPLETE,ENCOMPASS,VERIFIED,1,8731ef3cfd0d96b5aebb3a7b44121d820ee7d87fbdb2a23e3d5b5fc9a95a9334
LN-000261,B-00279,HELOC,Cash-out refi,2023-08-06,2033-08-06,322500.00,167292.75,5.2870,120,3466.03,CURRENT,0,2026-06-28,MO,88793,640,B,5 years,150-250k,366000.00,SVC-02,SVC-02 Servicing LLC,2026-07-26T00:00:00.000Z,COMPLETE,BLACKKNIGHT,VERIFIED,1,dcdfeca2bf7951ea6fe4d7c9b538a61e982ce9ecc04bcbb88ff66f07bad8bf36
LN-000262,B-00427,ARM,Home improvement,2015-12-24,2025-12-24,172000.00,104770.02,7.3630,120,2029.39,CURRENT,0,2026-06-28,MO,57650,,A-,10+ years,100-150k,219000.00,SVC-02,SVC-02 Servicing LLC,2026-07-26T00:00:00.000Z,COMPLETE,FISERV,VERIFIED,1,839b86deaf45edc56c8c115a4d6a12c364dd1cc11dcff285fcffa5d05f15cc32
LN-000263,B-00414,PERSONAL,Purchase,2015-06-04,2025-04-06,737000.00,661447.54,3.7560,120,7376.60,CURRENT,0,2026-06-07,GA,44826,673,B+,2 years,50-75k,892000.00,SVC-02,SVC-02 Servicing LLC,2026-07-14T00:00:00.000Z,COMPLETE,SHAWBROOK,VERIFIED,1,2721a782a7c5c7bf857fbe365f84cf9f5cb61b2b1d7aa072e5e8d4a61fb726d4
LN-000265,B-00427,PERSONAL,Purchase,2020-04-05,2050-04-05,735500.00,523568.77,4.9800,360,3939.34,CURRENT,0,2026-06-19,OH,73699,594,C,< 1 year,<50k,1069000.00,SVC-03,SVC-03 Servicing LLC,2026-07-09T00:00:00.000Z,COMPLETE,FISERV,VERIFIED,1,bd0100342f2a5985a31931b73fb1ea3394dfdd4ecbdd4113e281fd7749f7235c
LN-000266,B-00241,ARM,Home improvement,2021-01-28,2041-01-28,221000.00,120569.16,6.0780,240,1593.27,CURRENT,0,2026-07-01,TX,86000,,B,5 years,<50k,280000.00,SVC-06,SVC-06 Servicing LLC,2026-07-24T00:00:00.000Z,COMPLETE,LEGACY-AS400,VERIFIED,1,a0916b4778aa0be17a054097971b4b1ab1f66260c11a1853007a71bfef824cc2
LN-000267,B-00081,FIXED,Debt consolidation,2021-12-09,2031-12-09,598500.00,561651.46,4.3390,120,6156.41,CURRENT,0,2026-07-03,CA,19592,597,B+,7 years,150-250k,816000.00,SVC-04,SVC-04 Servicing LLC,2026-07-21T00:00:00.000Z,COMPLETE,BLACKKNIGHT,VERIFIED,1,c76a4eecf5ffb4f3094d6215170ab54527ff53741ac3a8754e1703412d35dae9
LN-000268,B-00074,PERSONAL,Cash-out refi,2024-02-21,2034-02-21,53500.00,42780.70,5.1080,120,570.28,CURRENT,0,2026-06-13,CA,74274,608,C,1 year,50-75k,82000.00,SVC-02,SVC-02 Servicing LLC,2026-07-27T00:00:00.000Z,COMPLETE,LEGACY-AS400,VERIFIED,1,04968fe9313d69c3ec37e74902b846ce1e38e521ee858ae66850fff9f8edd1ad
LN-000269,B-00137,AUTO,Cash-out refi,2019-05-01,2029-05-01,309000.00,173220.78,3.8230,120,3102.55,CURRENT,0,2026-07-24,WA,96266,809,A-,1 year,100-150k,450000.00,SVC-03,SVC-03 Servicing LLC,2026-07-24T00:00:00.000Z,COMPLETE,LEGACY-AS400,VERIFIED,1,692b822db82a7b2914ad223fcc90b2a80e6d91e0dca244b26823173d89227ee8
LN-000270,B-00061,FIXED,Cash-out refi,2015-03-25,2045-03-25,660500.00,368438.12,3.9470,360,3133.18,CURRENT,0,2026-05-28,TX,83905,,A-,7 years,75-100k,734000.00,SVC-04,SVC-04 Servicing LLC,2026-07-09T00:00:00.000Z,COMPLETE,SHAWBROOK,VERIFIED,1,9bf90f3e15101a2913055811fbdc861b1f535ede43254be60778b0b7af8fb064
LN-000271,B-00145,FIXED,Home improvement,2018-04-11,2028-04-11,445000.00,278894.97,7.2440,120,5222.96,CURRENT,0,2026-05-30,WI,12533,707,C+,2 years,75-100k,523000.00,SVC-02,SVC-02 Servicing LLC,2026-07-08T00:00:00.000Z,COMPLETE,SHAWBROOK,VERIFIED,1,9f4d27a41a0e72a1aca28b01d6d7ba426b2dcd60aabf8ab720ae0feef3fc9fea
LN-000272,B-00298,PERSONAL,Home improvement,2022-11-24,2052-11-24,407000.00,275357.94,6.8450,360,2665.55,CURRENT,0,2026-07-20,TX,52451,728,A-,7 years,75-100k,587000.00,SVC-01,SVC-01 Servicing LLC,2026-07-25T00:00:00.000Z,COMPLETE,SHAWBROOK,VERIFIED,1,06fc3b469e7e5b27113389b5ece5951fc491acab302ed62d49d0b26ac47496ab
LN-000273,B-00299,HELOC,Home improvement,2022-11-26,2052-11-26,681000.00,681000.00,7.6570,360,4835.08,DELINQUENT,60,2026-07-07,PA,84486,709,C+,2 years,150-250k,909000.00,SVC-05,SVC-05 Servicing LLC,2026-07-30T00:00:00.000Z,COMPLETE,FISERV,VERIFIED,2,8a1090ee34cb1750bae0256071fa7f6d44f0a4b57ea6fa86afe704316780ef5b
LN-000274,B-00343,AUTO,Refinance,2023-10-24,2028-10-24,308000.00,163095.33,7.3630,60,6151.66,DELINQUENT,30,2026-07-14,,89693,,B+,< 1 year,50-75k,424000.00,SVC-04,SVC-04 Servicing LLC,2026-07-27T00:00:00.000Z,COMPLETE,FISERV,VERIFIED,2,c05ebc84876fbf457233eee1b44ffbbe1c5868a8e2c2993444fd7aa458bb0d66
LN-000275,B-00033,PERSONAL,Purchase,2021-05-01,2051-05-01,427000.00,404194.83,5.5880,360,2448.09,CURRENT,0,2026-07-09,MI,93488,791,A,10+ years,100-150k,613000.00,SVC-01,SVC-01 Servicing LLC,2026-07-13T00:00:00.000Z,COMPLETE,SHAWBROOK,VERIFIED,1,1b5bd0e601770b2f67070d32fbb5d13a8ea21620e66958b0211e35ddb1d4653b
LN-000276,B-00049,HELOC,Cash-out refi,2016-12-11,2023-12-11,744500.00,361584.62,6.4250,84,11028.39,CURRENT,0,2026-07-13,CA,47243,744,A,2 years,250k+,1105000.00,SVC-03,SVC-03 Servicing LLC,2026-07-21T00:00:00.000Z,COMPLETE,LEGACY-AS400,VERIFIED,1,5ab9d9d8cb12b459244c38f92b4ec44f1259efe69f0e91fee509771bc457acde
LN-000277,B-00165,ARM,Cash-out refi,2024-06-15,2034-06-15,371000.00,190863.51,7.0710,120,4321.21,CURRENT,0,2026-07-08,CA,06898,605,B,2 years,50-75k,573000.00,SVC-03,SVC-03 Servicing LLC,2026-07-17T00:00:00.000Z,COMPLETE,ENCOMPASS,VERIFIED,1,cb0a8330beb8dfe75a215b4dd2288ded851c0cc870004485425b0dac5df02a5f
LN-000278,B-00350,PERSONAL,Cash-out refi,2021-09-11,2051-09-11,497500.00,445854.87,6.1710,360,3037.68,CURRENT,0,2026-07-11,GA,22732,,A,2 years,100-150k,762000.00,SVC-05,SVC-05 Servicing LLC,2026-07-26T00:00:00.000Z,COMPLETE,LEGACY-AS400,VERIFIED,1,93ce94e06bca0215aa90e7103cc211d88c6fe459e29ea9de2a6f18c20c9b6040
LN-000280,B-00050,FIXED,Purchase,2019-06-09,2034-06-09,53500.00,50771.28,4.0600,180,397.34,CURRENT,0,2026-01-09,AZ,67151,665,C,5 years,150-250k,68000.00,SVC-06,SVC-06 Servicing LLC,2026-02-17T00:00:00.000Z,PARTIAL,FISERV,VERIFIED,2,b4182b91c52419ed5a97b90e89b91066cb9f3211536b9ad8585db956588ec751
LN-000281,B-00357,FIXED,Refinance,2017-07-03,2047-07-03,650000.00,437320.97,6.0620,360,3923.03,CURRENT,0,2026-06-30,GA,76027,643,C,< 1 year,150-250k,909000.00,SVC-05,SVC-05 Servicing LLC,2026-07-25T00:00:00.000Z,COMPLETE,LEGACY-AS400,VERIFIED,1,e6b81442e401f847f7768984ff8f4e30b633e6484f89af29ec5050b6445fba70
LN-000282,B-00146,AUTO,Home improvement,2018-08-19,2048-08-19,132000.00,83274.71,6.2670,360,814.21,CURRENT,0,2026-05-31,CA,57602,,A-,10+ years,75-100k,203000.00,SVC-04,SVC-04 Servicing LLC,2026-07-08T00:00:00.000Z,COMPLETE,ENCOMPASS,VERIFIED,1,f5c2d191302b0aecff287d6edd0d51d4941b2688321e894a2cdfad52ce2312fc
LN-000283,B-00109,PERSONAL,Purchase,2018-06-14,2048-06-14,752000.00,444357.09,4.4570,360,3791.08,DEFAULT,90,2026-06-23,WA,03532,736,B-,10+ years,50-75k,903000.00,SVC-02,SVC-02 Servicing LLC,2026-07-09T00:00:00.000Z,MISSING,BLACKKNIGHT,REJECTED,1,28ea52c17d55f117679316a02f3adeeaf08b036c0a7602357732917c1cf4a22e
LN-000284,B-00188,PERSONAL,Home improvement,2021-01-20,2051-01-20,379500.00,258027.09,7.8220,360,2737.69,CURRENT,0,2026-06-18,MO,82664,729,B+,2 years,75-100k,575000.00,SVC-02,SVC-02 Servicing LLC,2026-07-24T00:00:00.000Z,COMPLETE,FISERV,VERIFIED,1,e67586dd244647683e66062fd531f43f72c01c3d1be6ce2ce582a69452a5d9df
LN-000285,B-00273,FIXED,Purchase,2016-04-20,2046-04-20,292000.00,133333.36,6.2100,360,1790.30,DELINQUENT,90,2026-06-06,TX,59478,606,C,5 years,75-100k,371000.00,SVC-04,SVC-04 Servicing LLC,2026-07-20T00:00:00.000Z,COMPLETE,SHAWBROOK,VERIFIED,2,05694e512310188e301c5cd83cd1b63f21be3998a872b086d3efa657b86079b0
LN-000286,B-00025,FIXED,Home improvement,2019-03-22,2024-03-22,613500.00,334490.62,6.8070,60,12092.25,CURRENT,0,2026-07-11,GA,05513,,A,2 years,150-250k,918000.00,SVC-03,SVC-03 Servicing LLC,2026-07-13T00:00:00.000Z,COMPLETE,SHAWBROOK,VERIFIED,2,4bf91d5b584ae38ada97e479ffa7ef4a3c3a7975d264c18c3fb40f45266f06c2
LN-000287,B-00080,FIXED,Cash-out refi,2018-11-01,2048-11-01,561000.00,352429.33,7.1280,360,3780.70,CURRENT,0,2026-07-16,NC,09340,790,C+,5 years,75-100k,812000.00,SVC-02,SVC-02 Servicing LLC,2026-07-19T00:00:00.000Z,COMPLETE,FISERV,VERIFIED,1,5fdccffe41cec4b577dcb6f4d1922132898dff3a984e91d52a9b9ce32db5a9c0
LN-000288,B-00375,PERSONAL,Refinance,2024-07-13,2054-07-13,410000.00,188318.66,7.6590,360,2911.55,CURRENT,0,2026-06-08,MA,78970,742,B+,3 years,150-250k,598000.00,SVC-06,SVC-06 Servicing LLC,2026-07-18T00:00:00.000Z,COMPLETE,LEGACY-AS400,VERIFIED,1,d6dfcad4af6a4f56fc1fafe8e506b56ed6145aa793354b00c936bdf66dcd3f5e
LN-000289,B-00056,ARM,Refinance,2019-09-23,2029-09-23,764000.00,411284.64,6.7420,120,8769.43,PAID_OFF,0,2026-07-14,NC,26950,635,B+,5 years,100-150k,1213000.00,SVC-02,SVC-02 Servicing LLC,2026-07-27T00:00:00.000Z,COMPLETE,BLACKKNIGHT,VERIFIED,3,207505f8ed39d5ef8ea7143a7264866c34a4283980a1d93268c10a72db20613c
LN-000290,B-00409,ARM,Home improvement,2024-02-23,2039-02-23,92500.00,70207.35,7.2050,180,842.05,CURRENT,0,2026-06-22,IN,94695,,A,5 years,150-250k,119000.00,SVC-04,SVC-04 Servicing LLC,2026-07-18T00:00:00.000Z,COMPLETE,SHAWBROOK,VERIFIED,1,8353a295912a8ec07d410a3fd0d695ca567231259c9b9465ab9bd51dc0303cd8
LN-000291,B-00120,FIXED,Cash-out refi,2018-03-02,2033-02-03,734500.00,487473.28,5.1340,180,5859.78,CURRENT,0,2026-07-07,FL,65771,761,B+,7 years,75-100k,1014000.00,SVC-04,SVC-04 Servicing LLC,2026-07-22T00:00:00.000Z,COMPLETE,FISERV,VERIFIED,1,1fed4f1bc6cb57edbe8f82681aa867522293e199ffae65d647e4a5c7473f2805
LN-000292,B-00229,AUTO,Purchase,2017-05-26,2022-05-26,569000.00,435559.45,5.4680,60,10860.16,CURRENT,0,2026-05-26,OH,80306,765,A-,2 years,150-250k,834000.00,SVC-02,SVC-02 Servicing LLC,2026-07-07T00:00:00.000Z,COMPLETE,SHAWBROOK,VERIFIED,1,962f4997cac91ff6006a0407449da21869ee7e4f2512f5ef81b8062dcf74285b
LN-000293,B-00015,FIXED,Refinance,2019-11-09,2026-11-09,771000.00,348702.70,4.2530,84,10628.68,DELINQUENT,60,2026-06-14,MD,45833,582,B,< 1 year,100-150k,1166000.00,SVC-06,SVC-06 Servicing LLC,2026-07-06T00:00:00.000Z,COMPLETE,ENCOMPASS,VERIFIED,3,7df519f629bffd77893a94a5f70ec8bbad5f71dfea3583a31076aef79bebeeb4
LN-000294,B-00338,FIXED,Debt consolidation,2017-12-28,2022-12-28,156000.00,127635.97,4.0430,60,2876.01,CURRENT,0,2026-06-12,WI,08294,,A-,2 years,<50k,226000.00,SVC-01,SVC-01 Servicing LLC,2026-07-09T00:00:00.000Z,COMPLETE,BLACKKNIGHT,VERIFIED,1,81079e4b2b9cb70e572ad69825b6dbb5001749ca67f6174a1cc00d7f2e0608b3
LN-000295,B-00007,FIXED,Cash-out refi,2018-04-08,2048-04-08,176000.00,104608.12,8.2150,360,1317.90,CURRENT,0,2026-07-03,MO,40023,590,B+,7 years,100-150k,207000.00,SVC-04,SVC-04 Servicing LLC,2026-07-19T00:00:00.000Z,COMPLETE,LEGACY-AS400,VERIFIED,1,b06451da917d377be4b86107204f286bc7627142ba61ba9914b5f50de97d11fd
LN-000296,B-00024,FIXED,Cash-out refi,,2053-04-13,511000.00,470903.47,7.7850,360,3673.23,CURRENT,0,2026-07-12,MI,20586,613,C,3 years,100-150k,730000.00,SVC-06,SVC-06 Servicing LLC,2026-07-18T00:00:00.000Z,COMPLETE,BLACKKNIGHT,REJECTED,1,d8e737ab5ec2e0087aac56291306fae21da5e59598d68d64753ef1315ded2414
LN-000297,B-00071,HELOC,Cash-out refi,2022-03-03,2052-03-03,525500.00,496884.82,6.0630,360,3171.95,CURRENT,0,2026-07-01,OH,75920,692,C,10+ years,100-150k,662000.00,SVC-06,SVC-06 Servicing LLC,2026-07-27T00:00:00.000Z,COMPLETE,LEGACY-AS400,VERIFIED,1,ea6d184df306097d841e2dde1f1ca90c20475c610def7b5d6ac8ff6f40183b4d
LN-000298,B-00271,AUTO,Home improvement,2024-01-01,2054-01-01,570000.00,497576.33,5.8550,360,3364.48,CURRENT,0,2026-06-08,IN,32025,,B+,7 years,50-75k,906000.00,SVC-02,SVC-02 Servicing LLC,2026-07-06T00:00:00.000Z,COMPLETE,ENCOMPASS,VERIFIED,1,9e1182065bf00042d6d2d10b0eea4093708e832df0af20444079c731f13812ea
LN-000299,B-00152,FIXED,Refinance,2024-12-06,2039-12-06,423500.00,224554.93,4.1090,180,3155.76,CURRENT,0,2026-06-17,WI,40132,759,A-,2 years,<50k,593000.00,SVC-05,SVC-05 Servicing LLC,2026-07-19T00:00:00.000Z,COMPLETE,ENCOMPASS,VERIFIED,1,9dab52f03ddf72b0b456d1fba56a53696606eac66522a5a78106088495f6d443
LN-000300,B-00314,HELOC,Purchase,2017-10-14,2047-10-14,114000.00,101081.61,4.6030,360,584.62,CURRENT,0,2026-06-18,MA,27435,786,B+,10+ years,150-250k,129000.00,SVC-03,SVC-03 Servicing LLC,2026-07-07T00:00:00.000Z,COMPLETE,SHAWBROOK,VERIFIED,1,fbc40af03e162fa6b41be057a05a316312439699c2cbfb119baaa85b563389c6
LN-000301,B-00217,HELOC,Debt consolidation,2019-06-20,2026-06-20,164500.00,95719.11,5.5550,84,2368.17,CURRENT,0,2026-07-12,NY,42235,703,A-,< 1 year,<50k,202000.00,SVC-03,SVC-03 Servicing LLC,2026-07-20T00:00:00.000Z,COMPLETE,FISERV,VERIFIED,1,f8cecb7b3fd4b751738f7ffd390568d4374e4e6cc0c4480adbfc561fab962e62
LN-000302,B-00430,ARM,Cash-out refi,2018-03-18,2023-03-18,493000.00,403453.96,4.7730,60,9252.33,CURRENT,0,2026-07-13,TX,57062,,B-,1 year,100-150k,618000.00,SVC-04,SVC-04 Servicing LLC,2026-07-20T00:00:00.000Z,COMPLETE,FISERV,VERIFIED,1,8d7d9d1d9c8e93fa150f63100820373d3f4c923a03d4dbf52d44d19ea657eb7c
LN-000303,B-00226,FIXED,Refinance,2016-01-08,2046-01-08,623000.00,522854.22,4.1170,360,3016.47,CURRENT,0,2026-07-05,CA,16198,819,A,5 years,150-250k,988000.00,SVC-01,SVC-01 Servicing LLC,2026-07-08T00:00:00.000Z,COMPLETE,FISERV,VERIFIED,1,6e0c3bb09581ed1c131ac161305be18bc20a8106e14224aa42a7ffae717dd5cb
LN-000304,B-00064,HELOC,Home improvement,2022-09-16,2052-09-16,149000.00,68969.80,8.1350,360,1107.36,CURRENT,0,2026-07-07,TN,26549,613,B,2 years,<50k,189000.00,SVC-04,SVC-04 Servicing LLC,2026-07-22T00:00:00.000Z,COMPLETE,LEGACY-AS400,VERIFIED,1,2338c43f7e6853ce4ac26f8186bf16fe5b36b1e93897b959154e82375e20bf14
LN-000305,B-00169,AUTO,Refinance,2029-12-17,2022-12-17,216000.00,148548.84,6.8220,84,3241.26,CURRENT,0,2026-06-30,PA,76617,772,B,3 years,100-150k,248000.00,SVC-01,SVC-01 Servicing LLC,2026-07-07T00:00:00.000Z,COMPLETE,LEGACY-AS400,REJECTED,1,685a726d001a25a2a89df94839289efafe95df61f3391e19703161df75ebfda2
LN-000306,B-00101,FIXED,Refinance,2024-08-28,2054-08-28,49500.00,41811.73,4.8730,360,261.90,CURRENT,0,2026-06-04,GA,93264,,B-,3 years,150-250k,77000.00,SVC-01,SVC-01 Servicing LLC,2026-07-16T00:00:00.000Z,COMPLETE,BLACKKNIGHT,VERIFIED,2,9072a51a2ff8b356bd760d80c245ddbef885d4ca752cd225f70f69ea1ed5da9e
LN-000307,B-00251,FIXED,Debt consolidation,2021-11-09,2041-11-09,571000.00,269620.01,6.6580,240,4310.50,CURRENT,0,2026-07-23,,39079,673,C+,< 1 year,75-100k,714000.00,SVC-03,SVC-03 Servicing LLC,2026-07-26T00:00:00.000Z,COMPLETE,FISERV,VERIFIED,1,05821399ee0aaf77df4dab3db396f583ce15fbc4e8b7dfc8c9668d921fb57963
LN-000308,B-00096,FIXED,Refinance,2015-04-28,2025-04-28,258500.00,202389.60,5.7280,120,2834.70,CURRENT,0,2026-06-14,TN,75010,620,B-,5 years,150-250k,411000.00,SVC-04,SVC-04 Servicing LLC,2026-07-21T00:00:00.000Z,COMPLETE,SHAWBROOK,VERIFIED,1,bf048021caf9175ca8d4f77e9413e0497deaf43e409b854053b662d94ee38d6a
LN-000309,B-00031,FIXED,Cash-out refi,2017-07-04,2047-07-04,172500.00,80447.20,6.6730,360,1110.02,CURRENT,0,2026-07-22,WI,66012,616,B-,1 year,75-100k,252000.00,SVC-01,SVC-01 Servicing LLC,2026-07-23T00:00:00.000Z,COMPLETE,FISERV,VERIFIED,1,19c4ed5c0a2e681fc044e196c5d5052c261641360afd1b99a3ffe214d9b26323
LN-000310,B-00017,FIXED,Refinance,2024-07-18,2054-07-18,465500.00,465500.00,6.1820,360,2845.61,CURRENT,0,2026-06-26,VA,18055,,A-,1 year,150-250k,678000.00,SVC-04,SVC-04 Servicing LLC,2026-07-19T00:00:00.000Z,COMPLETE,LEGACY-AS400,VERIFIED,2,2e10643251a308e40679e51c7d31e61f0d509887975565d584366cbd973b2289
LN-000311,B-00095,ARM,Refinance,2019-11-26,2034-11-26,325500.00,206121.80,6.3410,180,2807.08,CURRENT,0,2026-06-18,GA,06742,702,A,5 years,75-100k,470000.00,,Servicing LLC,2026-07-31T00:00:00.000Z,PARTIAL,SHAWBROOK,VERIFIED,1,2b711529bce7723382c0f196694f22c4cdc0ba7376aa3dc56bb1e1ae5e38d105
LN-000312,B-00385,ARM,Home improvement,2020-11-19,2030-11-19,207000.00,191813.83,8.1540,120,2528.36,DELINQUENT,30,2026-07-01,CA,35305,806,B+,7 years,250k+,290000.00,SVC-02,SVC-02 Servicing LLC,2026-07-22T00:00:00.000Z,COMPLETE,LEGACY-AS400,VERIFIED,2,c1581fec69e11226404197f20765b05c407cf02ac8741ffa81f0acc8403899ed
LN-000313,B-00139,FIXED,Debt consolidation,2023-10-11,2038-10-11,661000.00,410122.43,5.2600,180,5317.11,CURRENT,0,2026-07-01,TX,94674,644,B+,2 years,75-100k,952000.00,SVC-05,SVC-05 Servicing LLC,2026-07-17T00:00:00.000Z,COMPLETE,SHAWBROOK,VERIFIED,1,3d4c78f484ecffa9842d2860a8e08c0e404501ccb230ec30d04fcb28775565bd
LN-000314,B-00291,FIXED,Purchase,2024-02-08,2054-02-08,652000.00,596597.95,4.7650,360,3407.04,CURRENT,0,2026-06-28,NY,68798,45,C,3 years,<50k,911000.00,SVC-06,SVC-06 Servicing LLC,2026-07-17T00:00:00.000Z,COMPLETE,FISERV,REJECTED,1,ca514b839d780019a845ff3499cd4b81d958aadad699cb94d17ae1e587d42f3e
LN-000315,B-00297,FIXED,Purchase,2021-12-27,2028-12-27,662000.00,378855.72,6.5560,84,9848.28,CURRENT,0,2026-07-06,WA,17271,612,B+,5 years,150-250k,871000.00,SVC-05,SVC-05 Servicing LLC,2026-07-19T00:00:00.000Z,COMPLETE,SHAWBROOK,VERIFIED,1,f0f9667a77823c9beb311596749f3cc5f54745992011917d6cb950a3779117e3
LN-000316,B-00361,ARM,Cash-out refi,2021-08-24,2051-08-24,359000.00,329072.91,7.5160,360,2514.11,CURRENT,0,2026-06-19,NJ,33161,641,C+,1 year,50-75k,443000.00,SVC-02,SVC-02 Servicing LLC,2026-07-30T00:00:00.000Z,COMPLETE,ENCOMPASS,VERIFIED,1,f88df89bd8de0770e4112b2ded7018353122ad5f10ba70e051e34e24050dc303
LN-000317,B-00359,ARM,Refinance,2019-12-02,2049-12-02,54000.00,25056.70,4.4540,360,272.14,CURRENT,0,2026-06-08,NC,02881,676,B+,10+ years,250k+,70000.00,SVC-05,SVC-05 Servicing LLC,2026-07-21T00:00:00.000Z,COMPLETE,ENCOMPASS,VERIFIED,1,a571a41b18491c147301f89de4b9d301080d9c75c688108574dcc100d0ffc293
LN-000318,B-00409,ARM,Debt consolidation,2019-09-01,2039-09-01,621000.00,560618.21,5.0850,240,4127.54,CURRENT,0,2026-06-18,MI,66908,,C,1 year,75-100k,745000.00,SVC-05,SVC-05 Servicing LLC,2026-07-09T00:00:00.000Z,COMPLETE,LEGACY-AS400,VERIFIED,1,b9f9064aef0aafeb4dc43248fa9409bf780fe979faa9c159e54da8f1001db8c3
LN-000319,B-00324,ARM,Refinance,2024-05-06,2054-06-05,378000.00,315291.25,4.3140,360,1873.72,CURRENT,0,2025-11-04,MA,83960,617,C+,3 years,250k+,455000.00,SVC-02,SVC-02 Servicing LLC,2025-12-02T00:00:00.000Z,COMPLETE,ENCOMPASS,VERIFIED,1,62cc963f06239c8f096b7160ecf917168b94fcb949c307c1843b37faf196eaca
LN-000320,B-00101,PERSONAL,Debt consolidation,2024-11-16,2054-11-16,283000.00,167353.42,6.2140,360,1735.86,CURRENT,0,2026-06-30,IN,27830,721,C+,2 years,50-75k,368000.00,SVC-04,SVC-04 Servicing LLC,2026-07-18T00:00:00.000Z,COMPLETE,FISERV,VERIFIED,2,6238c8280fa92ed85283a91c91908fe538e7b8ab0a0e303fac34296a812a2b2b
LN-000321,B-00003,HELOC,Purchase,2017-12-09,2047-12-09,621500.00,559904.82,5.2060,360,3415.03,CURRENT,0,2026-05-31,WA,40614,677,B+,5 years,75-100k,798000.00,SVC-06,SVC-06 Servicing LLC,2026-07-14T00:00:00.000Z,COMPLETE,BLACKKNIGHT,VERIFIED,1,9643549c71d435ed710668c2073ee0e9c3010e2533dcb786376ba2f7d2589e17
LN-000322,B-00344,ARM,Refinance,2022-03-25,2027-03-25,533000.00,275735.57,4.3130,60,9891.47,CURRENT,0,2026-06-30,VA,33523,,A,5 years,75-100k,842000.00,SVC-01,SVC-01 Servicing LLC,2026-07-06T00:00:00.000Z,COMPLETE,ENCOMPASS,VERIFIED,1,8a9aac42ff7c27e6174ea0b0cafc83a1b1ff4ce6a6c0d2dde83b42ce27687ab2
LN-000323,B-00380,FIXED,Home improvement,2021-02-15,2036-02-15,575500.00,404636.82,5.3080,180,4643.89,CURRENT,0,2026-06-05,FL,64674,666,B-,5 years,250k+,800000.00,SVC-01,SVC-01 Servicing LLC,2026-07-12T00:00:00.000Z,COMPLETE,LEGACY-AS400,VERIFIED,1,6da734f995615c7ad4b9be27d5dffe0d642602e1a32a372a4abb909adf4d4280
LN-000324,B-00181,ARM,Refinance,2024-04-03,2034-04-03,356000.00,238777.65,8.1570,120,4348.85,DELINQUENT,45,2026-06-19,NC,24884,764,B,7 years,50-75k,536000.00,SVC-05,SVC-05 Servicing LLC,2026-07-28T00:00:00.000Z,COMPLETE,FISERV,VERIFIED,1,0eb2ff3fef5a2ab95172f2add9c299410b0f08eececbee4b4b19d9dd54c23408
LN-000325,B-00227,ARM,Purchase,2018-12-10,2048-12-10,728500.00,641446.85,5.3520,360,4068.95,CURRENT,0,2026-07-12,IN,62188,819,C+,10+ years,250k+,1011000.00,SVC-05,SVC-05 Servicing LLC,2026-07-27T00:00:00.000Z,COMPLETE,LEGACY-AS400,VERIFIED,2,1bb3f519a0b5ccef9532db3d2a5af3bcf3d29761c7e1db71c5ba88ea66c26436
LN-000326,B-00285,AUTO,Home improvement,2019-09-02,2039-02-09,191500.00,170534.05,5.9300,240,1364.24,CURRENT,0,2026-06-09,NJ,09021,,B-,3 years,100-150k,261000.00,SVC-03,SVC-03 Servicing LLC,2026-07-17T00:00:00.000Z,COMPLETE,ENCOMPASS,VERIFIED,1,7067045200890d305785a99be91bd8aea4edc36944d94a91db4b3e768b5f0350
LN-000327,B-00088,FIXED,Cash-out refi,2018-11-01,2048-11-01,327000.00,270019.24,6.1880,360,2000.23,CURRENT,0,2026-07-09,MA,83689,607,B-,3 years,250k+,475000.00,SVC-01,SVC-01 Servicing LLC,2026-07-26T00:00:00.000Z,COMPLETE,ENCOMPASS,VERIFIED,1,433e41c18925663d20abd55b1f8846126bf307fb7a246ce9146f80e0c3f8e19e
LN-000328,B-00336,ARM,Home improvement,2018-06-28,2038-06-28,552500.00,406119.06,6.9620,240,4270.93,CURRENT,0,2026-06-30,AZ,09392,687,C,1 year,150-250k,609000.00,SVC-01,SVC-01 Servicing LLC,2026-07-12T00:00:00.000Z,COMPLETE,SHAWBROOK,VERIFIED,1,72d365cf86773ddedcbcd705b5f66adbbb3377a21a0c8b2ea77a5fc504555bc9
LN-000329,B-00439,AUTO,Home improvement,2017-07-13,2032-07-13,129500.00,76314.16,7.9260,180,1232.04,CURRENT,0,2026-06-19,NJ,04042,598,C,2 years,100-150k,181000.00,SVC-03,SVC-03 Servicing LLC,2026-07-10T00:00:00.000Z,COMPLETE,BLACKKNIGHT,VERIFIED,1,ae14876496cfe67201cc4ffbf38d76fb9a3e7ce5cd2eec1ea994829a0dd971a2
LN-000330,B-00253,ARM,Purchase,2018-06-03,2048-06-03,712000.00,342146.66,7.2400,360,4852.27,CURRENT,0,2026-06-20,PA,26529,,B+,5 years,75-100k,973000.00,SVC-03,SVC-03 Servicing LLC,2026-07-31T00:00:00.000Z,MISSING,BLACKKNIGHT,REJECTED,1,91c87141b1762af77c7c29c0e26fafa5be3d9d9cbdf583f032037bbb9084028e
LN-000331,B-00375,FIXED,Refinance,2017-10-08,2037-10-08,789500.00,627677.11,4.4130,240,4957.77,DELINQUENT,75,2026-07-03,MO,28184,761,B+,< 1 year,100-150k,1178000.00,SVC-02,SVC-02 Servicing LLC,2026-07-15T00:00:00.000Z,COMPLETE,LEGACY-AS400,VERIFIED,2,6b04cc0d653787926e3bea387f6bb433a7b26c45672136af00c3a54582eb13ce
LN-000332,B-00206,AUTO,Home improvement,2022-03-13,2032-03-13,80500.00,,7.2500,120,1032.60,DEFAULT,90,2026-07-25,MO,93026,750,C+,1 year,250k+,110000.00,SVC-01,SVC-01 Servicing LLC,2026-07-25T00:00:00.000Z,COMPLETE,FISERV,REJECTED,1,12108f72d144bc419521733794f421177886baf67aeec1bb94a692a15eb79c1b
LN-000333,B-00324,FIXED,Debt consolidation,2021-06-01,2031-06-01,205500.00,105581.94,4.5650,120,2136.21,CURRENT,0,2026-07-13,WA,31074,589,A-,2 years,150-250k,244000.00,SVC-01,SVC-01 Servicing LLC,2026-07-22T00:00:00.000Z,COMPLETE,ENCOMPASS,VERIFIED,1,32a9317d6b3008eb392ec227711f4d0c301951c37eb4bd65d288e6fb2fac1783
LN-000334,B-00190,HELOC,Home improvement,2016-05-01,2026-05-01,402000.00,212188.08,4.5770,120,4181.20,CURRENT,0,2026-06-19,NC,13211,,C,2 years,150-250k,547000.00,SVC-06,SVC-06 Servicing LLC,2026-07-27T00:00:00.000Z,COMPLETE,BLACKKNIGHT,VERIFIED,1,2fcc99aec8aeec1e8deaaa531cde83c498aae0d60555f7b60c84aa5c2a00ba03
LN-000335,B-00274,HELOC,Purchase,1900-01-01,2021-04-13,471000.00,349859.79,4.8840,60,8863.34,CURRENT,0,2026-06-20,CA,29775,611,B+,1 year,250k+,645000.00,SVC-06,SVC-06 Servicing LLC,2026-07-07T00:00:00.000Z,COMPLETE,FISERV,VERIFIED,1,208ad39e8852757887457d55c207ea69d3179316d8a2b6042342c47165e53417
LN-000336,B-00358,FIXED,Purchase,2018-12-12,2048-12-12,747000.00,432269.90,7.9380,360,5448.97,CURRENT,0,2026-07-26,MO,32229,803,A,3 years,150-250k,844000.00,SVC-01,SVC-01 Servicing LLC,2026-07-28T00:00:00.000Z,COMPLETE,SHAWBROOK,VERIFIED,2,143392247fb1c25b3c0211c1c162bb71a7ce6f2c94957fe131a9a519f96cf68c
LN-000337,B-00342,AUTO,Purchase,,2048-11-20,408500.00,286607.48,6.4470,360,2567.78,CURRENT,0,2026-06-14,MD,60101,751,B+,3 years,75-100k,463000.00,SVC-05,SVC-05 Servicing LLC,2026-07-11T00:00:00.000Z,COMPLETE,BLACKKNIGHT,REJECTED,1,6772d91555f68ca4a5fa7251c82720bd679875dc5bbb051dc096e732933a901b
LN-000338,B-00162,AUTO,Purchase,2022-01-12,2029-01-12,533000.00,307923.25,6.2740,84,7856.56,CURRENT,0,2026-06-28,IL,24079,,B-,< 1 year,150-250k,681000.00,SVC-01,SVC-01 Servicing LLC,2026-07-15T00:00:00.000Z,COMPLETE,LEGACY-AS400,VERIFIED,1,fca02358cdbe76c332a5972bbb22cb73bcf5f54df115865f58f186fa62833a1f
LN-000339,B-00183,AUTO,Debt consolidation,2016-06-19,2046-06-19,314500.00,212385.51,5.2280,360,1732.40,CURRENT,0,2026-07-02,IN,50949,808,A,5 years,75-100k,453000.00,SVC-03,SVC-03 Servicing LLC,2026-07-15T00:00:00.000Z,COMPLETE,FISERV,VERIFIED,1,521307ccdc2a3b021f2daaca5f57b5fc092f0adc3af8ecc620a7843a2bd41464
LN-000340,B-00436,FIXED,Debt consolidation,2019-04-09,2029-04-09,258000.00,166565.11,4.3810,120,2659.10,CURRENT,0,2026-06-25,,50761,711,C,7 years,50-75k,408000.00,SVC-04,SVC-04 Servicing LLC,2026-07-16T00:00:00.000Z,COMPLETE,BLACKKNIGHT,VERIFIED,1,51c5057a57a66796371604aedd3644e2acf890a15813494aba7fd476d0d0a6a3
LN-000341,B-00090,ARM,Home improvement,2018-02-21,2028-02-21,179500.00,103761.66,3.8720,120,1806.45,CURRENT,0,2026-07-22,MD,47814,732,A,10+ years,75-100k,200000.00,SVC-03,SVC-03 Servicing LLC,2026-07-28T00:00:00.000Z,COMPLETE,FISERV,VERIFIED,1,afe8c22d646fdefb909a266521341f703bd474bd35a595036cf1327fbb4cb63e
LN-000342,B-00025,PERSONAL,Purchase,2016-02-07,2046-02-07,145000.00,0.00,7.8820,360,1052.06,PAID_OFF,0,2026-07-04,GA,21783,,B,7 years,100-150k,191000.00,SVC-06,SVC-06 Servicing LLC,2026-07-12T00:00:00.000Z,PARTIAL,ENCOMPASS,VERIFIED,2,da0a17cd733d064a4b7148f96ddb05765261ce4310fdfd249c151363d4c8b0b3
LN-000343,B-00345,FIXED,Cash-out refi,2015-03-01,2020-03-01,630000.00,509868.63,5.3370,60,11986.39,CURRENT,0,2026-06-05,IN,14087,767,C+,7 years,<50k,834000.00,SVC-01,SVC-01 Servicing LLC,2026-07-17T00:00:00.000Z,COMPLETE,BLACKKNIGHT,VERIFIED,1,267eb03a5fbab48113fb5e843d4277cdeb179dcdf3283f0eac523f70612555ce
LN-000344,B-00028,AUTO,Home improvement,2017-10-17,2037-10-17,114000.00,89020.71,5.4330,240,779.88,DEFAULT,120,2026-07-06,NY,27920,772,C+,1 year,50-75k,170000.00,SVC-02,SVC-02 Servicing LLC,2026-07-19T00:00:00.000Z,COMPLETE,LEGACY-AS400,VERIFIED,1,64dd5546246fd26b0d707ce6e6a8c824d039f512363470d75d93b2a799637d11
LN-000345,B-00211,HELOC,Debt consolidation,2021-05-20,2051-05-20,304500.00,258056.68,5.3420,360,1698.85,CURRENT,0,2026-06-03,NJ,06400,730,C,7 years,100-150k,452000.00,SVC-01,SVC-01 Servicing LLC,2026-07-10T00:00:00.000Z,COMPLETE,BLACKKNIGHT,VERIFIED,1,642618375d4ae4003d315b77eba4b8b28207ff2b5156888989c47733d1c91ac3
LN-000346,B-00029,FIXED,Refinance,2015-08-19,2025-08-19,617500.00,288287.85,4.4320,120,6379.45,CURRENT,0,2026-06-02,TN,01926,,A-,10+ years,250k+,805000.00,SVC-01,SVC-01 Servicing LLC,2026-07-13T00:00:00.000Z,COMPLETE,FISERV,VERIFIED,1,2f10c1c84fa6153a9c1c4700c28c32e344eeead4a10976f27b9248270e158f9c
LN-000347,B-00172,FIXED,Debt consolidation,2024-09-13,2054-09-13,826500.00,826500.00,7.9710,360,6047.86,CURRENT,0,2026-07-16,MA,87314,594,C,1 year,150-250k,987000.00,SVC-06,SVC-06 Servicing LLC,2026-07-30T00:00:00.000Z,COMPLETE,FISERV,VERIFIED,2,c4441ecb528cd828a49c6be980383c4a0c85f9c7d8472e0ad8bbfadbadbb5a60
LN-000348,B-00084,HELOC,Refinance,2019-07-04,2034-07-04,537500.00,257923.87,6.5820,180,4706.47,CURRENT,0,2026-07-23,MA,06581,809,A,1 year,<50k,668000.00,SVC-05,SVC-05 Servicing LLC,2026-07-26T00:00:00.000Z,COMPLETE,LEGACY-AS400,VERIFIED,1,df3394e239b827346df5fe54179e5a113bcb81e7f0f753bec3258a7f7d6fa84d
LN-000349,B-00231,FIXED,Cash-out refi,2016-01-09,2046-01-09,404500.00,191827.07,4.4400,360,2035.15,CURRENT,0,2026-06-24,VA,08273,669,C+,5 years,250k+,633000.00,SVC-04,SVC-04 Servicing LLC,2026-07-28T00:00:00.000Z,COMPLETE,LEGACY-AS400,VERIFIED,1,763be6d97306c67349e000ff29738e2fd1cfc86bf1b11d4ba3a998b70b27ec64
LN-000350,B-00097,FIXED,Refinance,2016-01-24,2036-01-24,650000.00,296950.17,5.4280,240,4444.88,DELINQUENT,15,2026-07-25,NY,15017,,B-,7 years,250k+,723000.00,SVC-06,SVC-06 Servicing LLC,2026-07-29T00:00:00.000Z,COMPLETE,ENCOMPASS,VERIFIED,2,0fbe51e780dde04a05df8a5daf41d953306ed182e883bbe831bb1a20750a9078
LN-000351,B-00013,PERSONAL,Cash-out refi,2019-10-10,2049-10-10,348500.00,312779.78,3.7680,360,1617.52,CURRENT,0,2026-06-17,MO,75654,671,B+,7 years,50-75k,537000.00,SVC-03,SVC-03 Servicing LLC,2026-07-22T00:00:00.000Z,COMPLETE,FISERV,VERIFIED,1,c20e8e21302034c385fe843e935471ce7ef60671d5a2640ded5c6408d38c7e02
LN-000352,B-00039,AUTO,Home improvement,2019-08-17,2049-08-17,294000.00,183826.81,7.8230,360,2121.10,CURRENT,0,2026-06-22,NY,28649,759,B,1 year,75-100k,328000.00,SVC-03,SVC-03 Servicing LLC,2026-07-22T00:00:00.000Z,COMPLETE,LEGACY-AS400,VERIFIED,1,e2cd33741783c8ca4e9310a27f6345aebf564812634e13d0f83d540cda344111
LN-000353,B-00134,PERSONAL,Refinance,2024-04-19,2029-04-19,396500.00,315349.43,6.9620,60,7844.07,CURRENT,0,2026-06-20,NC,80090,704,A-,7 years,100-150k,574000.00,SVC-05,SVC-05 Servicing LLC,2026-07-08T00:00:00.000Z,COMPLETE,LEGACY-AS400,VERIFIED,1,1c7441b5c765b27265c70b6ca1c4792937fe0c388edfed5ea9d2af437e47aa65
LN-000354,B-00287,HELOC,Home improvement,2016-07-14,2021-07-14,619000.00,506787.38,6.7740,60,12191.05,CURRENT,0,2026-06-06,WA,40982,,B,7 years,<50k,689000.00,SVC-01,SVC-01 Servicing LLC,2026-07-06T00:00:00.000Z,COMPLETE,FISERV,VERIFIED,1,6e49865143289b645e2fb5748a74a48ed43f793368bdad3af3fed549a7962f8e
LN-000355,B-00197,FIXED,Home improvement,2017-06-26,2024-06-26,200000.00,141306.08,5.7010,84,2893.13,CURRENT,0,2026-06-25,WA,67960,685,A-,5 years,<50k,237000.00,SVC-05,SVC-05 Servicing LLC,2026-07-11T00:00:00.000Z,COMPLETE,BLACKKNIGHT,VERIFIED,1,f1d6bab5c13c7dcface5045a6f609c39a8909cb64d0bb9e8121ea8153c82add5
LN-000356,B-00116,HELOC,Purchase,2021-04-14,2051-04-14,197500.00,108133.40,5.1260,360,1075.48,CURRENT,0,2026-06-13,MI,14403,813,C,2 years,150-250k,247000.00,SVC-01,SVC-01 Servicing LLC,2026-07-11T00:00:00.000Z,COMPLETE,SHAWBROOK,VERIFIED,1,58d1a865da2ed3a2deb9517f3b6f428c83c4423ef05452c99293a5dbba5a1042
LN-000357,B-00410,HELOC,Cash-out refi,2022-09-13,2027-09-13,268000.00,165995.48,7.7660,60,5404.11,CURRENT,0,2026-06-22,PA,18779,749,C+,2 years,100-150k,417000.00,SVC-02,SVC-02 Servicing LLC,2026-07-22T00:00:00.000Z,COMPLETE,ENCOMPASS,VERIFIED,1,12f620867987aeddf11aa9b5be361323c384c413b0939b2d64cec966f0fb2a9b
LN-000358,B-00406,ARM,Purchase,2018-06-23,2025-06-23,195000.00,148566.27,4.4300,84,2938.32,CURRENT,0,2025-11-25,PA,83413,,A-,2 years,75-100k,270000.00,SVC-02,SVC-02 Servicing LLC,2025-12-21T00:00:00.000Z,COMPLETE,BLACKKNIGHT,REJECTED,1,800529a43b085086dd693190b221a913e23a94a5eccfa80087002493a0e9dd47
LN-000358,B-00232,ARM,Refinance,2024-11-04,2054-11-04,688500.00,509058.90,5.9430,360,4102.71,DEFAULT,90,2026-07-01,NY,53546,671,B,3 years,150-250k,960000.00,SVC-05,SVC-05 Servicing LLC,2026-07-19T00:00:00.000Z,COMPLETE,LEGACY-AS400,REJECTED,1,66420db505a576036f9ae216ee708e595bbe9ee840ee270dc6e096e49782851f
LN-000359,B-00016,PERSONAL,Cash-out refi,2023-06-14,2030-06-14,326500.00,166870.51,5.0400,84,4620.86,CURRENT,0,2026-06-12,FL,76460,683,B,7 years,50-75k,365000.00,SVC-05,SVC-05 Servicing LLC,2026-07-10T00:00:00.000Z,COMPLETE,BLACKKNIGHT,VERIFIED,1,00c71fe5c6d17b5924a74bc180e5036c375e57631429e62eb4f254a8abc2d3ef
LN-000360,B-00009,ARM,Cash-out refi,2019-10-23,2049-10-23,481000.00,336604.00,6.8920,360,3165.29,CURRENT,0,2026-07-08,MA,16847,699,B,7 years,<50k,666000.00,SVC-01,SVC-01 Servicing LLC,2026-07-21T00:00:00.000Z,COMPLETE,ENCOMPASS,VERIFIED,1,68cee7ba464e3b593e4f9cbf14f6514d779f60375949b2d408b6190a577aa22f
LN-000361,B-00269,AUTO,Purchase,2022-10-25,2052-10-25,386000.00,320862.29,5.7840,360,2260.94,CURRENT,0,2026-07-02,IN,45575,780,A-,7 years,<50k,510000.00,SVC-05,SVC-05 Servicing LLC,2026-07-09T00:00:00.000Z,COMPLETE,BLACKKNIGHT,VERIFIED,2,8882c7c72406a2588974fa58dc61da775ce7d329cb3647831f82e8decbafc012
LN-000362,B-00142,FIXED,Debt consolidation,2019-02-15,2049-02-15,490000.00,322208.73,5.1780,360,2683.99,DEFAULT,90,2026-07-13,MA,61128,,C+,7 years,75-100k,719000.00,SVC-05,SVC-05 Servicing LLC,2026-07-16T00:00:00.000Z,COMPLETE,FISERV,VERIFIED,1,6d339ddee68ef4519f7d3959fa98c818df66a3cdeabf653a38530cb85bbc6a2e
LN-000363,B-00462,HELOC,Home improvement,2021-07-01,2051-07-01,392500.00,199970.08,4.2530,360,1931.55,CURRENT,0,2026-06-02,MD,19002,780,B+,5 years,100-150k,543000.00,SVC-05,SVC-05 Servicing LLC,2026-07-10T00:00:00.000Z,COMPLETE,LEGACY-AS400,VERIFIED,1,f2cf91289cdf37ef5fa01f70bd278a1474bc11366c950a3c6121005b82e66f12
LN-000364,B-00462,PERSONAL,Home improvement,2021-11-20,2031-11-20,415500.00,386524.23,8.1850,120,5081.87,CURRENT,0,2026-06-26,NC,62869,725,C,2 years,50-75k,598000.00,SVC-06,SVC-06 Servicing LLC,2026-07-28T00:00:00.000Z,COMPLETE,ENCOMPASS,VERIFIED,1,f5d42b73e0f0254f280697d911aeef34845d66ddd89faa7a42aba85e3c030622
LN-000365,B-00241,FIXED,Purchase,2021-10-24,2031-10-24,214000.00,136518.75,5.8430,120,2359.00,CURRENT,0,2026-07-09,FL,77709,618,C,5 years,100-150k,294000.00,SVC-03,SVC-03 Servicing LLC,2026-07-23T00:00:00.000Z,COMPLETE,LEGACY-AS400,VERIFIED,1,dea07f61c2fb117abe3ba2d3abace8cb6e5b4f930c271c9b8cb2653c83293c74
LN-000366,B-00343,FIXED,Cash-out refi,2022-07-05,2037-07-05,764500.00,369370.74,6.5640,180,6686.54,CURRENT,0,2026-06-27,WI,95154,,A-,3 years,<50k,1099000.00,SVC-06,SVC-06 Servicing LLC,2026-07-10T00:00:00.000Z,COMPLETE,BLACKKNIGHT,VERIFIED,1,f8f936d36bc8a42555a420c2602d76acf874ce4d61eb991bc7f3a6af9af49362
LN-000367,B-00412,ARM,Cash-out refi,2023-10-15,2030-10-15,787000.00,496871.91,7.1220,84,11924.93,CURRENT,0,2026-07-10,CA,47611,793,A,5 years,250k+,913000.00,SVC-04,SVC-04 Servicing LLC,2026-07-26T00:00:00.000Z,COMPLETE,BLACKKNIGHT,VERIFIED,1,6e4272c45b27d2a837f30b44d402ff2f81b39d731d976cc760da449b2896128f
LN-000368,B-00355,AUTO,Purchase,2024-05-27,2039-05-27,448500.00,226415.93,5.7960,180,3735.45,CURRENT,0,2026-07-27,PA,60972,726,B-,1 year,100-150k,587000.00,SVC-04,SVC-04 Servicing LLC,2026-07-29T00:00:00.000Z,COMPLETE,FISERV,VERIFIED,1,3a52015e71345f5d068943d394b193b7d4766e66b1242fdf8ca8225ed05c25a8
LN-000369,B-00096,FIXED,Cash-out refi,2017-07-23,2047-07-23,503000.00,344231.58,6.6990,360,3245.41,DELINQUENT,15,2026-06-10,NJ,52823,808,C,2 years,50-75k,760000.00,SVC-04,SVC-04 Servicing LLC,2026-07-07T00:00:00.000Z,COMPLETE,LEGACY-AS400,VERIFIED,3,1826b17ba3bc850d526aecc38e0e724279519bfa3834d3a18a2140f77e0d6130
LN-000370,B-00115,ARM,Cash-out refi,2019-03-26,2024-03-26,179000.00,130081.69,5.5230,60,3421.01,CURRENT,0,2026-06-12,TN,49051,,B,3 years,75-100k,282000.00,SVC-04,SVC-04 Servicing LLC,2026-07-17T00:00:00.000Z,COMPLETE,BLACKKNIGHT,VERIFIED,1,516d1c88ea3079bdb32254a8845f6aa0fa6cb4bf1b30d900ff6cad8514cbc62d
LN-000371,B-00339,PERSONAL,Cash-out refi,2020-09-08,2050-09-08,732000.00,538151.78,7.5050,360,5120.76,CURRENT,0,2026-05-28,FL,32611,661,A,10+ years,150-250k,1070000.00,SVC-05,SVC-05 Servicing LLC,2026-07-07T00:00:00.000Z,COMPLETE,SHAWBROOK,VERIFIED,1,4dc27d9b8a9e6e9054066f7d192011915e22cb675612eeb45b46fe76af73bfe4
LN-000372,B-00368,FIXED,Debt consolidation,2015-01-10,2045-01-10,150500.00,104386.60,4.4330,360,756.58,CURRENT,0,2026-06-16,OH,31890,676,A,10+ years,<50k,195000.00,SVC-01,SVC-01 Servicing LLC,2026-07-14T00:00:00.000Z,COMPLETE,BLACKKNIGHT,VERIFIED,1,41989e3c9786bd763c0d7ec878d4811462ab0f465e00f370a7521a30af831e92
LN-000373,B-00277,ARM,Debt consolidation,2022-01-19,2037-01-19,180500.00,99393.16,6.4100,180,1563.43,CURRENT,0,2026-05-31,,37436,646,B,5 years,150-250k,251000.00,SVC-02,SVC-02 Servicing LLC,2026-07-07T00:00:00.000Z,PARTIAL,BLACKKNIGHT,VERIFIED,1,19c7f28f95f5eca49dfca46658c0cc562432dfc882f25c79e2a35a568723d446
LN-000374,B-00306,FIXED,Refinance,2020-12-13,2025-12-13,608500.00,432475.10,6.1880,60,11817.28,CURRENT,0,2026-06-16,PA,42999,,B+,3 years,75-100k,868000.00,SVC-04,SVC-04 Servicing LLC,2026-07-09T00:00:00.000Z,COMPLETE,FISERV,VERIFIED,1,15ab1aad29264ca14ea6ae5daeeb4f3ed6ca2de56295f7322cade9cb9fb84e34
LN-000375,B-00090,FIXED,Home improvement,2017-07-09,2037-07-09,592500.00,435849.16,5.1210,240,3949.95,CURRENT,0,2026-07-01,MD,60084,805,B,7 years,<50k,758000.00,SVC-02,SVC-02 Servicing LLC,2026-07-19T00:00:00.000Z,COMPLETE,BLACKKNIGHT,VERIFIED,1,3a7f260ee4a9db57423b2e4dab3192249fc0ed5ac99aed9ff832d61593a7a522
LN-000376,B-00153,PERSONAL,Debt consolidation,2020-08-11,2050-08-11,81000.00,71294.64,4.2270,360,397.38,CURRENT,0,2026-07-20,FL,86014,816,A,7 years,50-75k,94000.00,SVC-06,SVC-06 Servicing LLC,2026-07-20T00:00:00.000Z,COMPLETE,ENCOMPASS,VERIFIED,1,532701172c5cea4ca1276e02625b53ac6e09b01e61ef236646e6d738d8ad5010
LN-000378,B-00220,AUTO,Debt consolidation,,2051-02-02,744000.00,360526.87,7.1960,360,5048.17,CURRENT,0,2026-05-29,MD,39417,,C,5 years,250k+,1065000.00,SVC-06,SVC-06 Servicing LLC,2026-07-10T00:00:00.000Z,COMPLETE,SHAWBROOK,REJECTED,1,3907b070ddd234156f2c4f53693138604f705bf4557ea8573e348f75d0d9efd5
LN-000379,B-00376,HELOC,Home improvement,2024-04-23,,730500.00,572099.78,5.2070,360,4014.41,CURRENT,0,2026-06-14,NC,81058,755,B-,5 years,75-100k,988000.00,SVC-02,SVC-02 Servicing LLC,2026-07-21T00:00:00.000Z,COMPLETE,FISERV,REJECTED,1,44ff68a5131d168967c5e90a6b010998d4512a34dbbf94c19915398c7df02e55
LN-000380,B-00141,FIXED,Home improvement,2021-11-07,2026-11-07,752500.00,609946.85,4.4900,60,14025.45,CURRENT,0,2026-06-07,NC,01876,705,B,< 1 year,100-150k,994000.00,SVC-03,SVC-03 Servicing LLC,2026-07-16T00:00:00.000Z,COMPLETE,BLACKKNIGHT,VERIFIED,1,649f31bb73a590177382b3fd18f447cd06498d84c69b48f83ac975e9890a3d63
LN-000381,B-00315,AUTO,Refinance,2019-03-14,2049-03-14,287500.00,232009.94,6.8320,360,1880.42,CURRENT,0,2026-07-08,WA,06784,740,A,10+ years,75-100k,321000.00,SVC-05,SVC-05 Servicing LLC,2026-07-12T00:00:00.000Z,COMPLETE,LEGACY-AS400,VERIFIED,1,cd849a0a6816a3c0a90759b0ffce7d9e58ef36ba9209f586c226c2d7ddce8c33
LN-000382,B-00354,AUTO,Refinance,2017-11-06,2047-11-06,247500.00,192465.17,8.0800,360,1829.89,CURRENT,0,2026-06-03,IN,04097,,C+,7 years,150-250k,392000.00,SVC-02,SVC-02 Servicing LLC,2026-07-06T00:00:00.000Z,COMPLETE,SHAWBROOK,VERIFIED,1,937b2612a4ce6e71341798ff4e8d8de166bada81f494fa5964f28e33a61af9ed
LN-000383,B-00252,PERSONAL,Debt consolidation,2020-02-06,2050-02-06,521000.00,422971.68,7.1400,360,3515.35,CURRENT,0,2026-06-22,MO,01604,706,C+,< 1 year,100-150k,593000.00,SVC-01,SVC-01 Servicing LLC,2026-07-29T00:00:00.000Z,COMPLETE,LEGACY-AS400,VERIFIED,1,88cbc48d408a3900f35783ea66d0a622f0d2b5b1edb5520741d22683237b8a04
LN-000384,B-00467,FIXED,Cash-out refi,2021-05-01,2051-05-01,448000.00,448000.00,6.6830,360,2885.80,CURRENT,0,2026-06-21,MO,85471,700,B-,< 1 year,75-100k,581000.00,SVC-05,SVC-05 Servicing LLC,2026-07-13T00:00:00.000Z,COMPLETE,LEGACY-AS400,VERIFIED,3,65ecb74f60347dd53a84a11bbd8c27fd61f1ed20dd61ad020bf1f7420a208113
LN-000385,B-00017,ARM,Cash-out refi,2021-11-19,2051-11-19,822000.00,664000.45,4.4650,360,4147.88,CURRENT,0,2026-06-15,MD,07975,900,B,10+ years,75-100k,1153000.00,SVC-05,SVC-05 Servicing LLC,2026-07-06T00:00:00.000Z,COMPLETE,BLACKKNIGHT,REJECTED,1,a1afcd67e3f3e8f29cf617b8b54b8bbfc92a069daf152f8b9f36d7b1bdb26b99
LN-000386,B-00216,AUTO,Debt consolidation,2018-05-01,2028-05-01,434500.00,243377.46,7.9470,120,5259.52,CURRENT,0,2026-07-18,TN,49506,,A,1 year,<50k,543000.00,SVC-02,SVC-02 Servicing LLC,2026-07-22T00:00:00.000Z,COMPLETE,LEGACY-AS400,VERIFIED,1,b97841286087811c4cf5a0fb12dfc332fcae15c8b280089c072db38b0553f119
LN-000387,B-00279,PERSONAL,Home improvement,2022-10-24,2037-10-24,589500.00,299245.24,4.9340,180,4641.49,CURRENT,0,2026-07-11,MA,35868,642,C,< 1 year,100-150k,720000.00,SVC-06,SVC-06 Servicing LLC,2026-07-22T00:00:00.000Z,COMPLETE,BLACKKNIGHT,VERIFIED,1,aedc01973267aa69c97debba2358613c70e1cf6d7376c3120bf9cc4fd0920405
LN-000388,B-00268,FIXED,Refinance,2021-09-16,2031-09-16,514500.00,378037.90,6.6310,120,5876.39,CURRENT,0,2026-06-22,IN,85015,638,C,1 year,<50k,628000.00,SVC-04,SVC-04 Servicing LLC,2026-07-22T00:00:00.000Z,COMPLETE,BLACKKNIGHT,VERIFIED,1,71942b3d6d7a6d48f65189da6ee1ae99627db7cbf385a6cd7fdcbd63f2c6c6e3
LN-000389,B-00202,ARM,Purchase,2019-02-27,2039-02-27,711500.00,462767.71,5.4880,240,4889.50,CURRENT,0,2026-07-07,IL,87125,754,B-,7 years,<50k,985000.00,SVC-02,SVC-02 Servicing LLC,2026-07-12T00:00:00.000Z,COMPLETE,SHAWBROOK,VERIFIED,1,c7e744414bdc9f4998ade7d18a5d9e4ee8f78fa20aee4db4675cd1fd9960ec5d
LN-000390,B-00307,ARM,Debt consolidation,2019-01-27,2026-01-27,509500.00,384010.40,7.0510,84,7702.43,CURRENT,0,2026-07-06,MA,73258,,B-,5 years,<50k,593000.00,SVC-02,SVC-02 Servicing LLC,2026-07-07T00:00:00.000Z,COMPLETE,LEGACY-AS400,VERIFIED,1,847c64eec840df5e371a2e8e54f96eb0a8e235a0b429b6c5f75e8d43b8bdcb37
LN-000391,B-00109,ARM,Purchase,2018-07-25,2048-07-25,644500.00,523427.44,5.2470,360,3557.76,CURRENT,0,2026-06-23,MO,06511,781,C+,5 years,100-150k,717000.00,SVC-06,SVC-06 Servicing LLC,2026-07-28T00:00:00.000Z,COMPLETE,SHAWBROOK,VERIFIED,1,9950faaa4eeb42b9cfe574586829423594949dcf573e099d04e21b44335ba2ac
LN-000392,B-00203,ARM,Home improvement,2024-06-23,2031-06-23,642500.00,566997.55,5.3740,84,9194.38,CURRENT,0,2026-07-07,MO,45905,791,B,3 years,<50k,761000.00,SVC-03,SVC-03 Servicing LLC,2026-07-13T00:00:00.000Z,COMPLETE,SHAWBROOK,VERIFIED,1,f4fd803ac2ae2327c298e797e5ffe16c5924b6e0fc5c6945a75c0bdc828e22cc
LN-000393,B-00072,PERSONAL,Home improvement,2022-10-01,2042-10-01,416000.00,371298.73,7.9750,240,3473.12,CURRENT,0,2026-07-16,WA,38606,609,A,< 1 year,150-250k,587000.00,SVC-05,SVC-05 Servicing LLC,2026-07-28T00:00:00.000Z,COMPLETE,SHAWBROOK,VERIFIED,1,160e5746ed259f4c67818d84107458f27f890967a14719666235da84a1e0598f
LN-000394,B-00331,AUTO,Refinance,2024-05-26,2044-05-26,269500.00,195776.24,6.3730,240,1989.22,CURRENT,0,2026-07-03,FL,31504,,C+,5 years,<50k,324000.00,SVC-06,SVC-06 Servicing LLC,2026-07-28T00:00:00.000Z,COMPLETE,SHAWBROOK,VERIFIED,1,f6149b163b3dd5f39bb141fd22da19ddd2df0997174d4ee7ee2625c5f6c9dfb2
LN-000395,B-00019,ARM,Home improvement,2016-03-14,2046-03-14,836500.00,0.00,6.5640,360,5322.51,PAID_OFF,45,2026-05-28,WI,45433,598,B,2 years,<50k,925000.00,SVC-03,SVC-03 Servicing LLC,2026-07-11T00:00:00.000Z,COMPLETE,FISERV,VERIFIED,2,da0667018da9b031008723d5fbdce8fa347e9861e8387034f654ca070fb3eed9
LN-000396,B-00093,ARM,Debt consolidation,2015-10-26,2045-10-26,92500.00,63880.75,4.9230,360,492.22,CURRENT,0,2026-06-27,AZ,67521,674,B+,10+ years,50-75k,103000.00,SVC-02,SVC-02 Servicing LLC,2026-07-22T00:00:00.000Z,COMPLETE,BLACKKNIGHT,VERIFIED,1,619d70d5cf00f70ca536c6284d1fb392f45931030650ddef20df7a3f33061bd7
LN-000397,B-00179,ARM,Home improvement,2015-08-02,2035-08-02,79000.00,41545.37,7.4720,240,635.07,CURRENT,0,2025-11-09,WA,77055,716,A,< 1 year,<50k,95000.00,SVC-02,SVC-02 Servicing LLC,2025-12-11T00:00:00.000Z,COMPLETE,LEGACY-AS400,VERIFIED,2,c62de1c297975cb694356a441c3c69e83ffd1227058a0737969761f835a28dda
LN-000398,B-00201,FIXED,Refinance,2026-12-28,2019-12-28,707000.00,399974.58,5.0030,84,9993.67,CURRENT,0,2026-06-27,AZ,59137,,A-,5 years,75-100k,1101000.00,SVC-01,SVC-01 Servicing LLC,2026-07-08T00:00:00.000Z,COMPLETE,LEGACY-AS400,REJECTED,1,e4e55c6035d93d43d7e47252b312c2568d004100b7c26d2c274bf3d525d33452
LN-000399,B-00187,ARM,Home improvement,2017-02-13,2027-02-13,806500.00,763141.52,4.5040,120,8359.99,CURRENT,0,2026-06-07,IN,66830,592,B+,1 year,75-100k,1271000.00,SVC-06,SVC-06 Servicing LLC,2026-07-21T00:00:00.000Z,COMPLETE,BLACKKNIGHT,VERIFIED,1,aa07476d78b56b7fc0b675a4f2e24918f8099e8a3efb26f45fd66fb621ff5dac
LN-000400,B-00454,ARM,Purchase,2017-04-19,2047-04-19,356000.00,270442.01,6.6300,360,2280.68,CURRENT,0,2026-06-22,WI,19910,657,B+,3 years,100-150k,455000.00,SVCX,SVCX Servicing LLC,2026-07-21T00:00:00.000Z,COMPLETE,ENCOMPASS,VERIFIED,1,829df88fc7279387546d6d45c696308a907e0b7c3269d39a5c4531efc7011211
LN-000401,B-00116,HELOC,Cash-out refi,2018-10-01,2048-10-01,285000.00,205551.87,5.2300,360,1570.25,CURRENT,0,2026-07-03,NC,26472,817,C+,7 years,100-150k,335000.00,SVC-01,SVC-01 Servicing LLC,2026-07-24T00:00:00.000Z,COMPLETE,FISERV,VERIFIED,1,e58f1f2abcdb01db489d2f3c079265f4e160e2831d5433e43d2a21b0966c222a
LN-000402,B-00322,PERSONAL,Cash-out refi,2021-04-28,2026-04-28,495500.00,245275.80,4.9750,60,9345.02,CURRENT,0,2026-07-16,MI,85594,,B-,1 year,50-75k,762000.00,SVC-04,SVC-04 Servicing LLC,2026-07-22T00:00:00.000Z,COMPLETE,ENCOMPASS,VERIFIED,1,10a86b1268e65f19aa2e2aa5705c22c79426cc4bbebf7a696f8ee9319e144273
LN-000403,B-00173,FIXED,Debt consolidation,2024-12-20,2044-12-20,47500.00,28040.78,6.1600,240,344.70,CURRENT,0,2026-06-29,CA,56710,729,B+,5 years,100-150k,56000.00,SVC-03,SVC-03 Servicing LLC,2026-07-24T00:00:00.000Z,COMPLETE,LEGACY-AS400,VERIFIED,1,03c548e53c9fae1a25ccfeded9ec5638112ba276aca1841c4a7d270f8b044035
LN-000404,B-00047,AUTO,Debt consolidation,2018-09-03,2023-09-03,554000.00,346761.52,5.4850,60,10578.21,CURRENT,0,2026-06-22,WA,69354,643,A-,2 years,50-75k,854000.00,SVC-01,SVC-01 Servicing LLC,2026-07-14T00:00:00.000Z,PARTIAL,LEGACY-AS400,VERIFIED,1,cdc8cbe522c81b06a2377355bc634620082b6c09762c4122103770c623813b99
LN-000405,B-00054,ARM,Cash-out refi,2022-04-10,2052-04-10,194500.00,152951.98,6.9920,360,1292.97,CURRENT,0,2026-06-08,MA,54187,796,C+,7 years,250k+,270000.00,SVC-06,SVC-06 Servicing LLC,2026-07-16T00:00:00.000Z,COMPLETE,ENCOMPASS,VERIFIED,1,978baeaec042eb372298c43e22e25b4cc1abbb1cd3028ee5e1cadba6b6bbaa41
LN-000406,B-00269,FIXED,Home improvement,2020-06-12,2027-06-12,229000.00,143430.28,4.4620,84,3179.09,CURRENT,0,2026-06-12,,49291,,C,< 1 year,50-75k,320000.00,SVC-05,SVC-05 Servicing LLC,2026-07-26T00:00:00.000Z,COMPLETE,BLACKKNIGHT,VERIFIED,1,730ea16de0d23cb847ec0f59cade129d46053ea6c6484504dcff985584fad9aa
LN-000407,B-00134,FIXED,Debt consolidation,2018-11-24,2048-11-24,727000.00,341120.25,5.2360,360,4008.22,CURRENT,0,2026-06-26,MA,27096,591,C+,10+ years,<50k,1036000.00,SVC-06,SVC-06 Servicing LLC,2026-07-07T00:00:00.000Z,COMPLETE,FISERV,VERIFIED,1,894db25c1e90953f5fdd5645fd4e6fe5504076e56c64f9c1cd2bab7009a32149
LN-000408,B-00257,AUTO,Debt consolidation,2016-09-07,2023-09-07,424000.00,286183.62,7.9620,84,6600.53,DEFAULT,120,2026-07-08,NJ,68452,712,B+,7 years,<50k,517000.00,SVC-06,SVC-06 Servicing LLC,2026-07-08T00:00:00.000Z,COMPLETE,ENCOMPASS,VERIFIED,1,50a00bc11ebb76ee3ad77e3be45f5c565934481a5c18f3b0ea1d43e77be179d1
LN-000409,B-00219,HELOC,Refinance,2024-10-12,2054-10-12,767500.00,638078.47,7.9760,360,5618.81,CURRENT,0,2026-06-26,TN,52524,581,A-,2 years,<50k,1100000.00,SVC-06,SVC-06 Servicing LLC,2026-07-21T00:00:00.000Z,COMPLETE,BLACKKNIGHT,VERIFIED,1,55a96f4822d7ed958e08b779a9f71fd24ec5663dec987057ad6f7cdfba9a1531
LN-000410,B-00184,FIXED,Home improvement,2021-02-07,2041-02-07,593500.00,320580.57,5.6990,240,4149.60,CURRENT,0,2026-06-12,MA,47245,,C+,7 years,100-150k,856000.00,SVC-01,SVC-01 Servicing LLC,2026-07-17T00:00:00.000Z,COMPLETE,SHAWBROOK,VERIFIED,2,07b2bdb5dc526e55b451b7cd9b27ac12004baef6e32d16c701046ed1f421b9c1
LN-000411,B-00333,ARM,Refinance,2019-11-28,2039-11-28,545500.00,435749.13,4.9590,240,3587.71,CURRENT,0,2026-06-21,MO,21861,757,B+,5 years,250k+,663000.00,SVC-06,SVC-06 Servicing LLC,2026-07-27T00:00:00.000Z,COMPLETE,LEGACY-AS400,VERIFIED,1,1a1c3472e0e2694637fd59a7e52e50804a1f1565dd4cf0067d75618ed115ba63
LN-000412,B-00334,FIXED,Debt consolidation,2021-04-20,2051-04-20,178000.00,153221.91,5.7030,360,1033.45,CURRENT,0,2026-07-17,AZ,87682,810,B+,1 year,250k+,223000.00,SVC-01,SVC-01 Servicing LLC,2026-07-23T00:00:00.000Z,COMPLETE,ENCOMPASS,VERIFIED,1,769486e55d6441d6c73d50072d6e274e2fafd814007fccf86aef46331cfaa596
LN-000413,B-00230,ARM,Refinance,2015-01-01,2020-01-01,619000.00,348220.11,6.6610,60,12158.18,CURRENT,0,2026-06-30,TN,96969,678,B-,7 years,100-150k,861000.00,SVC-06,SVC-06 Servicing LLC,2026-07-08T00:00:00.000Z,COMPLETE,ENCOMPASS,VERIFIED,1,3cf2ca6cc3968ad27f2f7fd15551aa07b4819ed90860f2e4a1dfc8eedcfb00db
LN-000414,B-00419,FIXED,Home improvement,2024-03-24,2031-03-24,425500.00,257100.38,4.1280,84,5841.18,CURRENT,0,2026-06-07,WI,29997,,B-,5 years,<50k,492000.00,SVC-01,SVC-01 Servicing LLC,2026-07-10T00:00:00.000Z,COMPLETE,SHAWBROOK,VERIFIED,1,f94a6e6816dbc64a4d6dcf6cb9b4264096ec0c2cd1ac716e91856b211506ab04
LN-000415,B-00398,ARM,Debt consolidation,2017-07-15,2047-07-15,188000.00,137457.06,4.2840,360,928.59,CURRENT,0,2026-07-01,WA,48256,772,B,2 years,150-250k,239000.00,SVC-05,SVC-05 Servicing LLC,2026-07-22T00:00:00.000Z,COMPLETE,BLACKKNIGHT,VERIFIED,1,5c0d565e69ad31ac905b2c0702d3bb5403325ee7a6e1ee758958b261764f8d66
LN-000416,B-00034,ARM,Debt consolidation,2018-10-26,2025-10-26,63500.00,38217.02,4.0260,84,868.73,CURRENT,0,2026-06-25,MD,94170,800,A-,< 1 year,75-100k,93000.00,SVC-06,SVC-06 Servicing LLC,2026-07-30T00:00:00.000Z,COMPLETE,FISERV,VERIFIED,1,ce0aed6f35139ac1294c71b66b8407261dc5fa100aa14c42e311b666d684fb12
LN-000417,B-00161,PERSONAL,Purchase,2024-12-21,2031-12-21,76000.00,54166.96,5.9820,84,1109.59,CURRENT,0,2026-06-16,NY,24722,632,C,7 years,250k+,111000.00,SVC-04,SVC-04 Servicing LLC,2026-07-08T00:00:00.000Z,COMPLETE,BLACKKNIGHT,VERIFIED,1,c28ebfafd71409579f0e9ee872b2a574a1dc1ce3ff7826ed9307942df21b810a
LN-000418,B-00338,ARM,Debt consolidation,2022-10-25,2052-10-25,287000.00,143907.26,8.0260,360,2111.11,CURRENT,0,2026-06-01,CA,19644,,B+,1 year,100-150k,453000.00,SVC-06,SVC-06 Servicing LLC,2026-07-07T00:00:00.000Z,COMPLETE,FISERV,VERIFIED,1,c6d544145e9f4f2956f51f8821186583c5773d26703dc3db474ef7f47dd042dd
LN-000419,B-00412,FIXED,Cash-out refi,,2050-03-06,805000.00,445278.27,5.3260,360,4483.21,CURRENT,0,2026-06-23,MD,49903,798,C,< 1 year,150-250k,1120000.00,SVC-04,SVC-04 Servicing LLC,2026-07-20T00:00:00.000Z,COMPLETE,BLACKKNIGHT,REJECTED,1,ab61269fa6fc1ea4025d8969700ae60e5edc7bcef4e367a875b0319ac07ec318
LN-000420,B-00119,PERSONAL,Cash-out refi,2018-07-24,2025-07-24,255500.00,127314.99,6.2780,84,3766.63,DEFAULT,90,2026-06-20,NJ,46408,710,C,7 years,250k+,306000.00,SVC-02,SVC-02 Servicing LLC,2026-07-09T00:00:00.000Z,COMPLETE,LEGACY-AS400,VERIFIED,1,de5fc54c4e3fe6781b51f6269f59809f57e71cce5fa383adba8979dc15925624
LN-000421,B-00097,PERSONAL,Debt consolidation,2020-06-12,2035-06-12,517000.00,517000.00,7.4820,180,4787.37,CURRENT,0,2026-06-20,NC,37017,755,B+,7 years,150-250k,757000.00,SVC-03,SVC-03 Servicing LLC,2026-07-10T00:00:00.000Z,COMPLETE,ENCOMPASS,VERIFIED,2,d6ad9759f67900253e3fd91f6ba4e607aaec8dca315f1bbfa247ef992e08ea2f
LN-000422,B-00262,FIXED,Debt consolidation,2019-05-04,2029-05-04,182500.00,134078.85,4.8450,120,1921.90,CURRENT,0,2026-06-10,WI,75821,,A,10+ years,100-150k,241000.00,SVC-06,SVC-06 Servicing LLC,2026-07-06T00:00:00.000Z,COMPLETE,BLACKKNIGHT,VERIFIED,1,af2d627e594834c62fd3bc437dba025fb9280f69c514223c6012ae6045017108
LN-000423,B-00296,AUTO,Debt consolidation,2018-01-23,2048-01-23,589000.00,446244.86,7.5860,360,4153.11,CURRENT,0,2026-07-01,TN,99510,603,B,3 years,100-150k,868000.00,SVC-04,SVC-04 Servicing LLC,2026-07-25T00:00:00.000Z,COMPLETE,BLACKKNIGHT,VERIFIED,1,3ed84583618683f87f69214b7fe6d5f2584fc68ec26cefc5d5ff38db34f7e53c
LN-000424,B-00032,HELOC,Refinance,2021-12-05,2051-12-05,647000.00,569833.80,7.1950,360,4389.57,CURRENT,0,2026-07-19,NC,53053,723,B-,1 year,100-150k,880000.00,SVC-04,SVC-04 Servicing LLC,2026-07-26T00:00:00.000Z,MISSING,ENCOMPASS,REJECTED,1,e82241fdcf9f0733c04bd40b181624feea431440611622049d0baaace5a9c5f7
LN-000425,B-00222,AUTO,Purchase,2023-02-13,2038-02-13,589000.00,509744.78,7.7300,180,5537.37,CURRENT,0,2026-07-03,FL,10345,645,A,3 years,150-250k,681000.00,SVC-02,SVC-02 Servicing LLC,2026-07-18T00:00:00.000Z,COMPLETE,FISERV,VERIFIED,1,66aacb575c5dd6d53d1fa080afae7d52e2d0f7e1796db1dbcd3e8962326fe957
LN-000426,B-00253,HELOC,Refinance,2019-11-28,2049-11-28,160500.00,136111.38,8.0380,360,1181.95,CURRENT,0,2026-06-04,MA,45073,,B-,3 years,50-75k,227000.00,SVC-02,SVC-02 Servicing LLC,2026-07-07T00:00:00.000Z,COMPLETE,LEGACY-AS400,VERIFIED,1,4ed3b9ecc139fec0404aa088442b622baf9a895a6dc8f600cdd5e4fcdc0eda01
LN-000427,B-00103,ARM,Home improvement,2024-03-06,2044-03-06,309000.00,179412.16,4.0360,240,1878.35,CURRENT,0,2026-06-15,VA,04417,785,A-,2 years,75-100k,351000.00,SVC-01,SVC-01 Servicing LLC,2026-07-13T00:00:00.000Z,COMPLETE,SHAWBROOK,VERIFIED,1,149c1257dfd34ac0b9f3fcf2eb82f8f6b02088c0e571b93465a427de9dc89254
LN-000428,B-00431,PERSONAL,Purchase,2018-05-10,2023-05-10,118000.00,65258.14,6.6360,60,2316.33,CURRENT,0,2026-06-17,IN,28371,800,C+,5 years,50-75k,132000.00,SVC-04,SVC-04 Servicing LLC,2026-07-30T00:00:00.000Z,COMPLETE,LEGACY-AS400,VERIFIED,1,7d53b6e4de065f716e1c9d8468e78f0828184139a41dfcc0207fb091714b6982
LN-000429,B-00035,HELOC,Purchase,2024-08-10,2039-08-10,45500.00,42152.45,6.7400,180,402.38,CURRENT,0,2026-07-09,AZ,09687,649,C,2 years,250k+,65000.00,SVC-04,SVC-04 Servicing LLC,2026-07-21T00:00:00.000Z,COMPLETE,LEGACY-AS400,VERIFIED,1,30d420b09ee1f5b2a1e1a58d71e79c49486c062e20ee65e8d66077cf46ea35e4
LN-000430,B-00028,PERSONAL,Refinance,2023-11-19,2030-11-19,658000.00,499250.53,6.1360,84,9655.39,CURRENT,0,2026-07-09,AZ,50398,,A,7 years,100-150k,928000.00,SVC-02,SVC-02 Servicing LLC,2026-07-21T00:00:00.000Z,COMPLETE,SHAWBROOK,VERIFIED,1,b6b13e12895e2e12e166d87985a24c1df671d5ea2b42a127f8b6e3876e40fa05
LN-000431,B-00200,FIXED,Purchase,2022-11-26,2032-11-26,74000.00,58301.83,6.9160,120,856.00,CURRENT,0,2026-07-04,MI,52385,762,B-,2 years,75-100k,101000.00,SVC-05,SVC-05 Servicing LLC,2026-07-10T00:00:00.000Z,COMPLETE,BLACKKNIGHT,VERIFIED,1,f7e63b79d31fa51eb463a997b45648c225225e0e0f4cf5d811606f0d9a279760
LN-000432,B-00246,ARM,Home improvement,2019-02-22,2049-02-22,583000.00,383941.42,8.0460,360,4296.56,CURRENT,0,2026-07-26,IL,38409,739,A,2 years,100-150k,656000.00,SVC-04,SVC-04 Servicing LLC,2026-07-29T00:00:00.000Z,COMPLETE,FISERV,VERIFIED,1,7999e4397c77ddb6a69c4043d6f4d9fec957091610ae927917b993d4fa4f525c
LN-000433,B-00214,HELOC,Home improvement,2019-10-23,2024-10-23,624000.00,373810.66,5.6610,60,11965.55,CURRENT,0,2026-06-09,WA,26550,691,B+,< 1 year,75-100k,738000.00,SVC-03,SVC-03 Servicing LLC,2026-07-06T00:00:00.000Z,COMPLETE,BLACKKNIGHT,VERIFIED,2,b0dfab2d0155c2e2e0cb7070a3aaf2bdf9c8da2d46d0bcf3ab447a0eeb176efc
LN-000434,B-00289,HELOC,Debt consolidation,2015-12-10,2020-12-10,614500.00,320150.52,3.7740,60,11254.39,CURRENT,0,2026-07-16,OH,48853,,C,7 years,75-100k,972000.00,SVC-05,SVC-05 Servicing LLC,2026-07-22T00:00:00.000Z,COMPLETE,SHAWBROOK,VERIFIED,1,b5434a7ae5b57d32d9ef944fe4868663f5ab7d5465ee4e67bb441f11bc5bac21
LN-000435,B-00312,PERSONAL,Cash-out refi,2023-09-26,2030-09-26,436000.00,260415.28,7.0580,84,6592.78,DEFAULT,120,2026-06-27,NJ,19982,805,C,< 1 year,150-250k,594000.00,SVC-02,SVC-02 Servicing LLC,2026-07-29T00:00:00.000Z,PARTIAL,BLACKKNIGHT,VERIFIED,1,41e32ccc6185f1e6c9f5aa95a567478e289f05d46e7f7371fee99dbe4464bb95
LN-000436,B-00048,ARM,Debt consolidation,2016-06-24,2036-06-24,296000.00,153192.80,4.2300,240,1829.78,CURRENT,0,2025-08-17,FL,06263,807,A-,3 years,75-100k,365000.00,SVC-02,SVC-02 Servicing LLC,2025-08-20T00:00:00.000Z,COMPLETE,FISERV,VERIFIED,2,7e8fe5f595f819d0cc69d6f40119d1c6eb860a071b9c7f904e68837f9ba76817
LN-000438,B-00339,PERSONAL,Purchase,2022-12-03,2037-12-03,338500.00,260092.58,4.3420,180,2562.25,CURRENT,0,2026-07-04,IN,82591,,C,< 1 year,75-100k,468000.00,SVC-01,SVC-01 Servicing LLC,2026-07-27T00:00:00.000Z,COMPLETE,SHAWBROOK,VERIFIED,1,7e950ab5962f775e3a390d7fc6913fdbd06c2ce1832b74ac2c22e2870d0b84d1
LN-000439,B-00244,FIXED,Purchase,2024-08-20,2054-08-20,632500.00,321202.13,4.5840,360,3236.43,CURRENT,0,2026-06-27,,64652,682,C+,1 year,50-75k,849000.00,SVC-06,SVC-06 Servicing LLC,2026-07-12T00:00:00.000Z,COMPLETE,LEGACY-AS400,VERIFIED,1,2fc703140139842d888b80c20584382d3086e98fba548ec53e198dfe67bbebb9
LN-000440,B-00021,FIXED,Purchase,2022-03-21,2029-03-21,202000.00,151709.72,4.0320,84,2764.08,CURRENT,0,2026-07-16,MD,95344,592,A-,7 years,75-100k,274000.00,SVC-06,SVC-06 Servicing LLC,2026-07-22T00:00:00.000Z,COMPLETE,ENCOMPASS,VERIFIED,1,59ebbad51ccd577a1e21aac5f8b7a3ff451ebf0bee979859f6885c589fbb1354
LN-000441,B-00280,ARM,Home improvement,2024-09-09,2039-09-09,122000.00,64816.07,7.2910,180,1116.51,CURRENT,0,2026-06-30,GA,26106,663,C+,3 years,100-150k,148000.00,SVC-05,SVC-05 Servicing LLC,2026-07-07T00:00:00.000Z,COMPLETE,LEGACY-AS400,VERIFIED,1,760b30e50887e19c01a311da61d82b386323e0f99ef03f523a801ae9816924fb
LN-000442,B-00456,ARM,Purchase,2021-05-28,2026-05-28,363500.00,181473.65,7.6270,60,7305.75,CURRENT,0,2026-06-28,TX,21787,758,B+,< 1 year,<50k,519000.00,SVC-06,SVC-06 Servicing LLC,2026-07-07T00:00:00.000Z,COMPLETE,SHAWBROOK,VERIFIED,1,3f229e30a05f1bd85d64b01acd0f4f91ae435f0206a060b392b8efc9756a6fd8
LN-000443,B-00459,FIXED,Home improvement,2024-07-10,2054-07-10,732500.00,456298.79,6.0990,360,4438.44,CURRENT,0,2026-06-20,TN,25581,710,A-,< 1 year,250k+,826000.00,SVC-02,SVC-02 Servicing LLC,2026-07-23T00:00:00.000Z,COMPLETE,FISERV,VERIFIED,1,9f051893ede546913116668593bd9404d6bf09776004a389c973f37842830137
LN-000444,B-00152,HELOC,Debt consolidation,2016-04-17,2026-04-17,152000.00,139600.14,4.3820,120,1566.67,CURRENT,0,2026-06-28,NC,49659,720,C+,5 years,50-75k,170000.00,SVC-06,SVC-06 Servicing LLC,2026-07-26T00:00:00.000Z,COMPLETE,LEGACY-AS400,VERIFIED,1,fca84f695e06a80260f46c3365bdcd210e53445a5f63b920052895071dea5439
LN-000445,B-00072,PERSONAL,Debt consolidation,2022-08-04,2037-08-04,174000.00,107534.70,5.0270,180,1378.43,CURRENT,0,2026-06-02,NJ,49456,814,B-,2 years,100-150k,245000.00,SVC-06,SVC-06 Servicing LLC,2026-07-09T00:00:00.000Z,COMPLETE,FISERV,VERIFIED,1,70ba07faa6c1ad683d23f8f1b4c1d1d988c701553b00c86bcd5c1c511fac8f8a
LN-000446,B-00153,AUTO,Home improvement,2017-10-06,2032-10-06,688500.00,534955.10,6.3150,180,5927.77,CURRENT,0,2026-07-20,MI,46208,581,C,5 years,150-250k,844000.00,SVC-04,SVC-04 Servicing LLC,2026-07-31T00:00:00.000Z,COMPLETE,SHAWBROOK,VERIFIED,1,a9fe9942e40aefe8341f424c6cb36955176c82e3fe187086386095c7c947ab31
LN-000447,B-00426,FIXED,Debt consolidation,2023-08-05,2053-08-05,807500.00,605132.10,4.0980,360,3900.89,CURRENT,0,2026-06-16,MI,74312,635,C+,2 years,100-150k,1273000.00,SVC-06,SVC-06 Servicing LLC,2026-07-19T00:00:00.000Z,COMPLETE,SHAWBROOK,VERIFIED,1,96bbeaec501ac9196bcf9fe168f56c031bbf0e5d798b9c433d628518a29648c7
LN-000448,B-00171,HELOC,Cash-out refi,2019-02-25,2049-02-25,320000.00,186836.93,6.2030,360,1960.52,CURRENT,0,2026-06-01,CA,70340,668,B,3 years,<50k,428000.00,SVC-03,SVC-03 Servicing LLC,2026-07-13T00:00:00.000Z,COMPLETE,SHAWBROOK,VERIFIED,1,c8f0497bf86e86726b7c2b14e36d9cf562f6f35f5975d80e7bddf2955bfa4ece
LN-000449,B-00266,AUTO,Home improvement,2024-11-17,2031-11-17,188500.00,168192.33,7.3940,84,2881.41,CURRENT,0,2026-07-18,GA,14138,772,B+,10+ years,75-100k,296000.00,SVC-03,SVC-03 Servicing LLC,2026-07-23T00:00:00.000Z,COMPLETE,FISERV,VERIFIED,1,2ecdaa430bc9c9cc966f22bba81a6ce96d1b2b68fe9fad2af1355e2f6ec769ee
LN-000450,B-00422,HELOC,Purchase,2017-07-11,2024-07-11,204000.00,160793.71,8.0340,84,3183.04,CURRENT,0,2026-06-27,MI,18892,625,C,< 1 year,100-150k,292000.00,SVC-01,SVC-01 Servicing LLC,2026-07-31T00:00:00.000Z,COMPLETE,SHAWBROOK,VERIFIED,1,c5fb3692e6e8b8be0024967539b6a6b2d4b639e1ee0f667825d318e3577c6b17
LN-000451,B-00186,ARM,Cash-out refi,2018-12-21,2048-12-21,249000.00,233781.51,6.4350,360,1563.22,CURRENT,0,2026-06-22,NY,83896,715,A-,2 years,75-100k,342000.00,SVC-05,SVC-05 Servicing LLC,2026-07-19T00:00:00.000Z,COMPLETE,ENCOMPASS,VERIFIED,1,6ab57b361805f2fbf7cf91d858f720a41cc995cff6022a0efd2f6e9555fb9def
LN-000452,B-00162,FIXED,Refinance,2019-09-18,2026-09-18,282000.00,224314.13,5.2890,84,4024.17,CURRENT,0,2026-06-16,IL,91749,759,C,7 years,100-150k,336000.00,SVC-02,SVC-02 Servicing LLC,2026-07-19T00:00:00.000Z,COMPLETE,LEGACY-AS400,VERIFIED,1,a8cf01fac0984e64d2863c9755743fab28186b8a361a9d9904d391e17cbfc877
LN-000453,B-00453,FIXED,Refinance,2016-02-03,2026-02-03,360000.00,292518.93,7.2770,120,4231.48,CURRENT,0,2026-06-18,TX,92151,709,B+,3 years,150-250k,445000.00,SVC-05,SVC-05 Servicing LLC,2026-07-31T00:00:00.000Z,COMPLETE,LEGACY-AS400,VERIFIED,1,22a2db7483c66ddf0f8f95193ad9fb384cc4d6ca68197029ff610fdffce1ab06
LN-000454,B-00324,FIXED,Cash-out refi,2024-06-06,2039-06-06,363500.00,259844.41,6.9170,180,3250.40,CURRENT,0,2026-06-26,NC,01462,656,C+,2 years,250k+,410000.00,SVC-03,SVC-03 Servicing LLC,2026-07-10T00:00:00.000Z,COMPLETE,FISERV,VERIFIED,1,bca7d0a073a004503fe0b9576102ae297ba354357da31f600a4d95524d2b5742
LN-000455,B-00380,FIXED,Debt consolidation,2024-04-28,2031-04-28,826500.00,441601.16,7.0290,84,12485.82,CURRENT,0,2026-06-11,NJ,95184,709,B+,10+ years,250k+,1209000.00,SVC-05,SVC-05 Servicing LLC,2026-07-09T00:00:00.000Z,COMPLETE,ENCOMPASS,VERIFIED,1,6c87cda1b11ea1f5134302c2b7ea2d443f17122fdeacd76a9ddc5f8b742fe877
LN-000456,B-00426,HELOC,Refinance,2018-03-03,2023-03-03,190500.00,123690.40,5.4420,60,3633.67,CURRENT,0,2026-06-03,NC,34598,805,A,10+ years,50-75k,243000.00,SVC-02,SVC-02 Servicing LLC,2026-07-17T00:00:00.000Z,COMPLETE,FISERV,VERIFIED,1,3caa01432f869427e67c14b3b9aa35ac600f8dcd964a3867cd71c79d953d48de
LN-000457,B-00438,ARM,Purchase,2022-06-26,2052-06-26,570000.00,366143.09,3.9020,360,2689.16,CURRENT,0,2026-07-09,IL,25912,593,A,2 years,50-75k,856000.00,SVC-02,SVC-02 Servicing LLC,2026-07-20T00:00:00.000Z,COMPLETE,FISERV,VERIFIED,1,b6966248347bf9a2e8993b1b02a7f8870a9d831a2748031a9d5b3aab3bd56995
LN-000458,B-00322,PERSONAL,Purchase,2024-04-09,2031-04-09,89500.00,43903.89,4.8500,84,1258.69,DELINQUENT,60,2026-07-08,GA,08036,674,A,7 years,50-75k,108000.00,SVC-03,SVC-03 Servicing LLC,2026-07-24T00:00:00.000Z,COMPLETE,SHAWBROOK,VERIFIED,1,603054390952aff7f2721913c48d5463e36255d44e476d6a10000293fae4c7d3
LN-000459,B-00391,FIXED,Cash-out refi,2019-07-16,2039-07-16,692500.00,619422.02,5.5210,240,4771.84,CURRENT,0,2026-07-04,FL,22774,697,B-,10+ years,<50k,988000.00,SVC-05,SVC-05 Servicing LLC,2026-07-08T00:00:00.000Z,COMPLETE,FISERV,VERIFIED,1,f450052d55cfdde00e7109e611c585307938119c39c775bd4ab2b6d7997d59d4
LN-000460,B-00089,FIXED,Debt consolidation,,2027-12-13,799500.00,710181.40,4.5990,60,14941.11,CURRENT,0,2026-06-18,WA,12330,810,B-,2 years,50-75k,1209000.00,SVC-05,SVC-05 Servicing LLC,2026-07-12T00:00:00.000Z,COMPLETE,LEGACY-AS400,REJECTED,1,f8a52039a0f8e91ac100afefd5a2e9c6863f0bae96c3abdc43c24d9fcd0bc984
LN-000461,B-00128,FIXED,Refinance,2019-03-19,2049-03-19,95500.00,78906.61,4.3080,360,473.05,CURRENT,0,2026-07-02,MI,33097,751,C,2 years,<50k,135000.00,SVC-02,SVC-02 Servicing LLC,2026-07-11T00:00:00.000Z,COMPLETE,BLACKKNIGHT,VERIFIED,1,7da0164adef1d6eecd6c0aca5b58045e66da840298f0178d38e791184156960d
LN-000462,B-00437,HELOC,Purchase,2022-05-27,2052-05-27,542500.00,299315.78,7.8390,360,3919.95,CURRENT,0,2026-07-10,TX,77661,600,B+,1 year,150-250k,787000.00,SVC-04,SVC-04 Servicing LLC,2026-07-11T00:00:00.000Z,COMPLETE,LEGACY-AS400,VERIFIED,2,30474c063751743cfb14b85e5c78cb26849f1e5274098f26a18f54219dcd16f8
LN-000463,B-00167,FIXED,Cash-out refi,2022-02-05,2032-02-05,379000.00,313068.18,7.9820,120,4594.71,CURRENT,0,2026-06-15,TN,98887,743,B,2 years,250k+,533000.00,SVC-03,SVC-03 Servicing LLC,2026-07-09T00:00:00.000Z,COMPLETE,LEGACY-AS400,VERIFIED,1,c7d3e8fe873224addf64104bef17c3d0f5c9204817278912931f5573203f3916
LN-000464,B-00169,AUTO,Cash-out refi,2016-01-07,2021-01-07,239000.00,149760.62,4.9500,60,4504.75,CURRENT,0,2026-07-04,FL,40912,721,A,1 year,100-150k,303000.00,SVC-02,SVC-02 Servicing LLC,2026-07-15T00:00:00.000Z,COMPLETE,FISERV,VERIFIED,1,7be850f66d9ac000c5e5b6e3e00423236c595c8cfd43979486d9a22f48d84202
LN-000465,B-00466,ARM,Home improvement,2016-08-26,2026-08-26,674000.00,371682.71,3.9590,120,6810.80,CURRENT,0,2026-06-29,WA,48069,793,B+,10+ years,50-75k,1051000.00,SVC-06,SVC-06 Servicing LLC,2026-07-15T00:00:00.000Z,COMPLETE,SHAWBROOK,VERIFIED,1,cebd055b7573d2f93e9b108cc58bb070bff2755c0bcfd0bc5c3a6ed89c3d5dc3
LN-000466,B-00353,ARM,Purchase,2019-09-21,2049-09-21,172000.00,110102.85,6.5860,360,1096.90,CURRENT,0,2026-06-09,TX,17534,653,B+,7 years,100-150k,197000.00,SVC-05,SVC-05 Servicing LLC,2026-07-11T00:00:00.000Z,PARTIAL,ENCOMPASS,VERIFIED,1,4eee63ebc5ac1d1db3437abc061252d69475043e2cda865f0dbe2664db0eb736
LN-000467,B-00437,FIXED,Debt consolidation,2015-09-21,2030-09-21,183000.00,156445.66,7.6340,180,1710.40,CURRENT,0,2026-06-23,IL,50251,792,B-,1 year,250k+,233000.00,SVC-04,SVC-04 Servicing LLC,2026-07-18T00:00:00.000Z,COMPLETE,LEGACY-AS400,VERIFIED,1,bd4b46f62682a22e16f379260622ec4b53cbaaefd3fb5dea603c1bbd88c827d5
LN-000468,B-00185,PERSONAL,Cash-out refi,2023-11-01,2033-11-01,562500.00,443307.96,4.2290,120,5756.46,CURRENT,0,2026-07-24,VA,81797,811,A,10+ years,100-150k,649000.00,SVC-03,SVC-03 Servicing LLC,2026-07-30T00:00:00.000Z,COMPLETE,BLACKKNIGHT,VERIFIED,1,20cf6f108fc0ae17a676f76ec2c306892b3bf4162058131183ee03c2582f9158
LN-000469,B-00012,FIXED,Debt consolidation,2022-08-18,2027-08-18,755500.00,560514.21,8.1110,60,15358.98,CURRENT,0,2026-06-26,WI,83419,623,B,1 year,150-250k,1147000.00,SVC-01,SVC-01 Servicing LLC,2026-07-29T00:00:00.000Z,COMPLETE,BLACKKNIGHT,VERIFIED,2,60d22803d61525afb2d32d900c435e335893d2b659d44abb22e7cc0d446fb1d3
LN-000470,B-00093,AUTO,Refinance,2024-03-02,2029-03-02,114000.00,105549.53,7.4560,60,2281.94,CURRENT,0,2026-06-05,MI,37522,697,B-,10+ years,250k+,132000.00,SVC-01,SVC-01 Servicing LLC,2026-07-06T00:00:00.000Z,COMPLETE,LEGACY-AS400,VERIFIED,1,aa0031cd0b262c7345a99b779d1fe5f06a72f90c2ae891b5d8816e69466fbf52
LN-000471,B-00023,HELOC,Debt consolidation,2024-11-13,2054-11-13,57500.00,45868.85,6.7890,360,374.44,CURRENT,0,2026-07-08,GA,31303,584,A,1 year,50-75k,65000.00,SVC-06,SVC-06 Servicing LLC,2026-07-30T00:00:00.000Z,MISSING,FISERV,REJECTED,1,db3faae2a33d648c19d82b277fc9f80e90c3644d88ac6d179222a2516de53ebb
LN-000472,B-00100,FIXED,Home improvement,2020-03-27,2050-03-27,636000.00,542914.50,8.0350,360,4682.27,CURRENT,0,2026-07-13,GA,36451,713,A-,3 years,250k+,770000.00,SVC-05,SVC-05 Servicing LLC,2026-07-24T00:00:00.000Z,COMPLETE,BLACKKNIGHT,VERIFIED,1,d519e85b56e4f512d4d5540582ad00080537411a14285835fc64393b718b84b6
LN-000473,B-00052,FIXED,Cash-out refi,2017-03-08,2047-03-08,315000.00,222328.23,4.4580,360,1588.21,DELINQUENT,120,2026-06-20,TX,02382,744,C+,3 years,<50k,386000.00,SVC-06,SVC-06 Servicing LLC,2026-07-19T00:00:00.000Z,COMPLETE,FISERV,VERIFIED,2,fd0d15b55dd6c1569fd360685472ab756ec33425ed6d5db10f4bada5503a913a
LN-000474,B-00307,PERSONAL,Debt consolidation,2021-02-22,2051-02-22,211000.00,179848.59,5.3470,360,1177.86,CURRENT,0,2026-07-04,WI,97031,793,B,2 years,50-75k,241000.00,SVC-05,SVC-05 Servicing LLC,2026-07-31T00:00:00.000Z,COMPLETE,SHAWBROOK,VERIFIED,1,70dbf720977dd7f48a3e7c49481a8d14c7d4f941e380eb6ba86cb3030140a84d
LN-000475,B-00123,PERSONAL,Cash-out refi,2021-12-14,2041-12-14,453000.00,363439.16,6.8030,240,3458.74,CURRENT,0,2026-07-14,IN,74665,602,A,< 1 year,250k+,565000.00,SVC-04,SVC-04 Servicing LLC,2026-07-28T00:00:00.000Z,COMPLETE,FISERV,VERIFIED,1,850ce38f4e81da5db7a10f9fd1edca660d2ec3d2f9c33067ed96f9c16edc5448
LN-000476,B-00230,AUTO,Refinance,2024-05-09,2029-05-09,240000.00,121271.08,8.2430,60,4894.29,CURRENT,0,2026-05-30,MI,84490,644,B,< 1 year,<50k,382000.00,SVC-06,SVC-06 Servicing LLC,2026-07-13T00:00:00.000Z,COMPLETE,FISERV,VERIFIED,1,b26d22071e5869a06aecb99ca5c088c08f88372a17696cbe8c13fbc606dea10f
LN-000477,B-00412,PERSONAL,Debt consolidation,2015-07-05,2045-07-05,478500.00,238133.37,4.3970,360,2395.29,DELINQUENT,45,2026-07-05,MI,40690,803,B+,3 years,<50k,665000.00,SVC-06,SVC-06 Servicing LLC,2026-07-09T00:00:00.000Z,COMPLETE,BLACKKNIGHT,VERIFIED,1,6d143e17d17d1a957761b31fd4d6855112c487586a1f24d3c61c64e063b60f77
LN-000478,B-00270,ARM,Cash-out refi,2024-09-03,2054-09-03,630000.00,475400.11,3.9810,360,3000.82,CURRENT,0,2026-07-07,VA,97199,594,A-,3 years,<50k,906000.00,SVC-03,SVC-03 Servicing LLC,2026-07-26T00:00:00.000Z,COMPLETE,LEGACY-AS400,VERIFIED,1,c1360021bdf723b7d2e0f1b073d4614f4829bad73f398200600117e8dc83dd0e
LN-000479,B-00424,FIXED,Cash-out refi,2020-12-21,2030-12-21,368000.00,330585.67,8.2430,120,4512.25,CURRENT,0,2026-07-05,NY,70096,702,A-,1 year,50-75k,582000.00,SVC-02,SVC-02 Servicing LLC,2026-07-11T00:00:00.000Z,COMPLETE,FISERV,VERIFIED,1,4753d5bf7bb9c6b2616b26b84f7e7728399652e77f1b6e0c9da1615f5e8a26d1
LN-000480,B-00356,ARM,Refinance,2016-05-25,2021-05-25,518000.00,269529.94,7.8390,60,10463.30,CURRENT,0,2026-07-11,NY,68111,680,B-,10+ years,75-100k,660000.00,SVC-05,SVC-05 Servicing LLC,2026-07-27T00:00:00.000Z,COMPLETE,LEGACY-AS400,VERIFIED,1,c76c4ab55c30ae85aeddbb0d7be8ef67c9d0d8ceda7bea2713838a406edcee7c
LN-000481,B-00366,FIXED,Purchase,2024-10-25,2054-10-25,142000.00,102951.70,7.5730,360,999.99,CURRENT,0,2026-07-03,WA,36388,688,A,1 year,150-250k,214000.00,SVC-03,SVC-03 Servicing LLC,2026-07-09T00:00:00.000Z,COMPLETE,FISERV,VERIFIED,1,ec92ab420ca34cf631e0fac23208b234888d5bdc61a814623cc2c8dfd1f44253
LN-000482,B-00323,HELOC,Purchase,2020-02-28,2050-02-28,399500.00,257676.44,7.6320,360,2829.56,CURRENT,0,2026-06-28,IN,14940,582,C,5 years,150-250k,550000.00,SVC-04,SVC-04 Servicing LLC,2026-07-30T00:00:00.000Z,COMPLETE,FISERV,VERIFIED,1,a8801f4e058a4035e942a0608051660c63f15073163d5ef26c9ec8c63a1c08c6
LN-000483,B-00373,PERSONAL,Home improvement,2023-01-01,2033-01-01,299000.00,268530.11,5.4320,120,3234.87,CURRENT,0,2026-06-08,IL,47815,804,C,< 1 year,50-75k,330000.00,SVC-06,SVC-06 Servicing LLC,2026-07-19T00:00:00.000Z,COMPLETE,BLACKKNIGHT,VERIFIED,1,6cde1e28f1c7456081ea7175d9dabbbe81ce0fac880025fd1a1d864849f02760
LN-000484,B-00376,PERSONAL,Debt consolidation,2020-04-06,2030-04-06,822500.00,728623.41,5.5990,120,8966.69,CURRENT,0,2026-06-30,WI,33044,754,C+,7 years,<50k,1115000.00,SVC-06,SVC-06 Servicing LLC,2026-07-24T00:00:00.000Z,COMPLETE,ENCOMPASS,VERIFIED,1,860269c662802e2192cb7ee35750b62c9c0d42d9bbf9c8941d63f2fa28325400
LN-000485,B-00143,FIXED,Home improvement,2020-11-28,2040-11-28,710500.00,471961.15,4.5760,240,4524.17,CURRENT,0,2026-06-19,OH,94944,771,A,< 1 year,<50k,1023000.00,SVC-04,SVC-04 Servicing LLC,2026-07-22T00:00:00.000Z,COMPLETE,FISERV,VERIFIED,1,76e0239ef369b15a009e82f2cc92d289ed0d09a3d70f7061d8d0eb0db8254da2
LN-000486,B-00412,ARM,Home improvement,2019-06-24,2026-06-24,727000.00,659608.81,4.7240,84,10181.33,CURRENT,0,2026-06-14,IL,71346,672,C+,2 years,250k+,948000.00,SVC-03,SVC-03 Servicing LLC,2026-07-14T00:00:00.000Z,COMPLETE,LEGACY-AS400,VERIFIED,1,0b41deb9a5bd88e5b51fab504e3ac167bdf84a5bcb85ef33904d4c417fbe8756
LN-000487,B-00049,HELOC,Debt consolidation,2019-05-03,2049-05-03,754000.00,586512.11,4.7450,360,3930.95,CURRENT,0,2026-06-28,NJ,45624,661,B,2 years,100-150k,841000.00,SVC-02,SVC-02 Servicing LLC,2026-07-17T00:00:00.000Z,COMPLETE,SHAWBROOK,VERIFIED,1,7f87d2dd5c2bcbbc1046756fd9bdf19c0954376799eccda4404db6c11c4451e7
LN-000488,B-00237,PERSONAL,Purchase,2019-12-06,2039-12-06,786500.00,429418.60,4.0560,240,4789.28,CURRENT,0,2026-07-07,TX,56374,617,A,10+ years,75-100k,1080000.00,SVC-03,SVC-03 Servicing LLC,2026-07-12T00:00:00.000Z,COMPLETE,ENCOMPASS,VERIFIED,1,eca211e78fed2dc427a83daf1361e33d7ce224e5a8ff7f14704e19f8ca441229
LN-000489,B-00156,PERSONAL,Refinance,2023-09-21,2030-09-21,812000.00,630488.89,6.1270,84,11911.65,CURRENT,0,2026-06-21,NJ,50481,704,B-,3 years,<50k,1058000.00,SVC-04,SVC-04 Servicing LLC,2026-07-21T00:00:00.000Z,COMPLETE,BLACKKNIGHT,VERIFIED,1,507030664bc49b4f25c0f1f854e2b8bb41bb7c4d210986c5d070c9f14ab7c367
LN-000490,B-00131,FIXED,Debt consolidation,2023-09-21,2028-09-21,789500.00,687251.40,8.1540,60,16066.46,DELINQUENT,60,2026-06-15,NC,84106,793,C+,< 1 year,75-100k,996000.00,SVC-03,SVC-03 Servicing LLC,2026-07-24T00:00:00.000Z,COMPLETE,FISERV,VERIFIED,1,9f66cae6b3b06e348df37535ce8f13b499e73110e901a039d151c33423877209
LN-000491,B-00286,AUTO,Refinance,2022-08-01,2042-08-01,409500.00,190355.17,5.8160,240,2890.48,CURRENT,0,2026-06-17,WA,58216,730,C+,7 years,250k+,631000.00,SVC-03,SVC-03 Servicing LLC,2026-07-12T00:00:00.000Z,COMPLETE,ENCOMPASS,VERIFIED,1,aea7149c5fb34ac6c5fbd957bf96cf81425c581dc490205d198b1123b6a74f07
LN-000492,B-00138,AUTO,Purchase,2018-09-27,2048-09-27,614000.00,580427.08,6.2220,360,3769.33,CURRENT,0,2026-07-04,NJ,85937,775,B,10+ years,<50k,744000.00,SVC-04,SVC-04 Servicing LLC,2026-07-24T00:00:00.000Z,COMPLETE,SHAWBROOK,VERIFIED,1,c139d747bd3efd162715010fcd279da06d62b025913c5eef29c07f9f8c6b9b36
LN-000493,B-00227,PERSONAL,Debt consolidation,2018-04-15,2048-04-15,395500.00,289629.72,4.5830,360,2023.49,CURRENT,0,2026-06-16,NY,87703,706,A-,3 years,50-75k,564000.00,SVC-01,SVC-01 Servicing LLC,2026-07-11T00:00:00.000Z,COMPLETE,BLACKKNIGHT,VERIFIED,1,c487fe4d8d73462fb6a19d06c4a4ad7094412f6ea6e8ac4ddb799f64dc162fb6
LN-000494,B-00410,ARM,Home improvement,2021-11-24,2051-11-24,544500.00,512985.32,8.1090,360,4036.80,CURRENT,0,2026-06-20,TX,91337,627,A-,< 1 year,50-75k,628000.00,SVC-02,SVC-02 Servicing LLC,2026-07-28T00:00:00.000Z,COMPLETE,BLACKKNIGHT,VERIFIED,1,f49374becc347da8ae8751abd20df63e5bac4e7c3a386f8211d2305cfbf7fa36
LN-000495,B-00354,ARM,Debt consolidation,2024-10-05,2054-10-05,703000.00,346112.41,3.7860,360,3270.08,CURRENT,0,2026-06-24,IL,77812,617,B,5 years,150-250k,923000.00,SVC-02,SVC-02 Servicing LLC,2026-07-21T00:00:00.000Z,COMPLETE,BLACKKNIGHT,VERIFIED,1,84fc8f2f0522f15b9598020144c1391721a752987a41d54ddef34a1b5b9a53f3
LN-000496,B-00313,ARM,Cash-out refi,2024-05-28,2054-05-28,795500.00,475596.60,4.6710,360,4111.91,CURRENT,0,2026-06-24,WA,23009,644,C,7 years,100-150k,886000.00,SVC-01,SVC-01 Servicing LLC,2026-07-25T00:00:00.000Z,COMPLETE,ENCOMPASS,VERIFIED,1,7426bcc33bb350b7b5e2a9a942451415fdf28285f5311e0fbbb28a91c9b3f423
LN-000497,B-00158,AUTO,Refinance,2022-11-21,2032-11-21,566500.00,375386.53,6.8560,120,6535.58,CURRENT,0,2026-06-23,PA,03446,680,B,2 years,<50k,782000.00,SVC-06,SVC-06 Servicing LLC,2026-07-10T00:00:00.000Z,PARTIAL,SHAWBROOK,VERIFIED,1,725405676b2a2cb18f49a83a08346e44635e9d0ba0ad64c7106ac8b256cc85a5
LN-000498,B-00038,FIXED,Refinance,2022-10-26,2052-10-26,428000.00,336147.98,3.7950,360,1993.08,CURRENT,0,2026-07-02,MA,87505,695,A,3 years,250k+,634000.00,SVC-01,SVC-01 Servicing LLC,2026-07-14T00:00:00.000Z,COMPLETE,BLACKKNIGHT,VERIFIED,1,cda8bb0e223e282a49ffa28d4293640d51419f9c6aa9ca0477c3d4311b93d35e
LN-000499,B-00370,ARM,Cash-out refi,2018-09-05,2038-09-05,407000.00,218498.24,5.4820,240,2795.57,CURRENT,0,2026-06-28,MI,91299,737,A-,< 1 year,<50k,564000.00,SVC-02,SVC-02 Servicing LLC,2026-07-30T00:00:00.000Z,COMPLETE,FISERV,VERIFIED,1,72cc26e96af3ae2e951c0692c7eb2b5a04667ba6fce17fa823bc8d79f56703ca
LN-000500,B-00358,FIXED,Debt consolidation,2018-02-17,2048-02-17,428000.00,193702.17,4.2970,360,2117.30,CURRENT,0,2026-07-08,AZ,11744,795,B-,3 years,100-150k,500000.00,SVC-05,SVC-05 Servicing LLC,2026-07-10T00:00:00.000Z,COMPLETE,LEGACY-AS400,VERIFIED,1,b575f58a79afe4bf1d1514147fd0ec7e475d9dbc5f9dddcacdd33d1772f80549
,B-00272,ARM,Home improvement,2024-02-19,2031-02-19,170500.00,159511.99,6.5240,84,2533.81,CURRENT,0,2026-06-25,TX,15644,621,B-,5 years,50-75k,248000.00,SVC-03,SVC-03 Servicing LLC,2026-07-15T00:00:00.000Z,,FISERV,REJECTED,1,baebfd201967e373684c280da310237dd121ec248259de9f0609a768cae87796
,B-00164,HELOC,Home improvement,2016-09-02,2021-02-09,737500.00,685432.10,6.6800,60,14492.30,CURRENT,0,2026-07-05,FL,57188,670,B,10+ years,50-75k,1140000.00,SVC-02,SVC-02 Servicing LLC,2026-07-15T00:00:00.000Z,,SHAWBROOK,REJECTED,1,c53cc6b4add1679d1ba924899dc39eaa3ea88c1abe73c451f9ea93d58716bdc2
,B-00333,FIXED,Debt consolidation,2022-06-18,2052-06-18,671500.00,533305.18,5.5710,360,4054.13,CURRENT,45,2026-02-01,PA,96155,,C,< 1 year,250k+,990000.00,SVC-06,SVC-06 Servicing LLC,2026-03-02T00:00:00.000Z,,SHAWBROOK,REJECTED,1,4edfcdadfed111f42bf255aeb544e069fc511016dddadf3268819226a008efb3
,B-00041,ARM,Refinance,2020-02-28,2050-02-28,441000.00,232456.38,3.8200,360,2059.90,CURRENT,0,2026-06-30,MD,45714,,B+,< 1 year,100-150k,669000.00,SVC-02,SVC-02 Servicing LLC,2026-07-31T00:00:00.000Z,,LEGACY-AS400,REJECTED,1,c6f7eab52c6773444215cc63334e226e1b6784d9b4ecd6379b07012fbd2a0ca1
,B-00333,HELOC,Debt consolidation,2022-06-18,2052-06-18,671500.00,258044.03,4.3900,360,2520.86,CURRENT,0,2026-05-28,PA,62663,637,C,3 years,75-100k,578000.00,SVC-02,SVC-02 Servicing LLC,2026-07-10T00:00:00.000Z,,FISERV,REJECTED,1,0b8b6beab7991320be7ac09dd818898f1cf8ce64bb50e5153dc59782848fd1a2
,B-00283,FIXED,Refinance,2019-03-25,2039-03-25,243500.00,135762.52,4.8010,240,1580.34,CURRENT,0,2026-07-08,NY,11927,751,B,2 years,250k+,292000.00,SVC-04,SVC-04 Servicing LLC,2026-07-10T00:00:00.000Z,,BLACKKNIGHT,REJECTED,1,703a2755a9426d65ff0f8aa3147e9f9165e54d0d2f826c7a4df0856d2a770ad4
