Loan No,Borrower ID,Product,Purpose,Orig Dt,Mat Dt,Orig Bal ($),Curr Bal ,Int Rate,Term,P&I,Status,DPD,Last Paid,Prop St,Zip,FICO,Grade,Emp Length,Income Band,Col_17,Svcr,Servicer Name,As Of,Source System,Pool Cd,Notes
LN-000001,B-00390,Fixed Rate,Debt consolidation,08/03/2024,08/03/2054,"$352,000.00","$282,742.26",0.04484,360,1780.19,Current,0,2026-07-02,WA,74304,682,B,10+ years,50-75k,424000,SVC-06,SVC-06 Servicing LLC,2026-07-18,SHAWBROOK,P-2024-B,see servicing file
LN-000002,B-00369,Fixed Rate,Purchase,07/09/2022,07/09/2042,"$105,000.00",84589.08,0.07536,240,848.19,Current,0,2026-06-13,NY,31631,,B+,7 years,150-250k,163000,SVC-05,SVC-05 Servicing LLC,2026-07-23,LEGACY-AS400,P-2024-B,
LN-000003,B-00171,Personal,Debt consolidation,05/22/2021,05/22/2051,"$550,500.00",464905.23,0.07877,360,3992.27,Current,0,2026-07-08,GA,29745,634,C+,5 years,250k+,645000,SVC-01,SVC-01 Servicing LLC,2026-07-26,SHAWBROOK,P-2024-A,escrow waived
LN-000004,B-00349,Personal,Purchase,04/12/2020,12/04/2040,"$669,000.00",533787.15,0.05337,240,4540.59,Current,0,2026-07-06,MI,03208,716,B-,< 1 year,<50k,927000,SVC-06,SVC-06 Servicing LLC,2026-07-11,LEGACY-AS400,P-2024-B,
LN-000005,B-00063,ARM,Refinance,06/12/2020,06/12/2027,"$506,500.00",347267.18,0.07145,84,7680.39,Current,0,2026-06-28,CA,8681,622,A-,3 years,250k+,804000,SVC-01,SVC-01 Servicing LLC,2026-07-15,SHAWBROOK,P-2023-C,modified 2023
LN-000006,B-00435,Auto,Debt consolidation,11/01/2017,53997,"$184,000.00",93590.13,0.07457,360,1281.14,Current,0,2026-06-16,WA,64563,,B-,< 1 year,75-100k,281000,SVC-02,SVC-02 Servicing LLC,2026-07-16,SHAWBROOK,P-2023-C,see servicing file
LN-000007,B-00445,ARM,Cash-out refi,10/19/2017,10/19/2047,"$74,500.00",36976.45,0.07017,360,496.50,Current,0,2025-12-03,NJ,14731,702,A,2 years,250k+,89000,SVC-02,SVC-02 Servicing LLC,2026-01-01,FISERV,P-2024-A,
LN-000008,B-00077,Auto,Debt consolidation,04/01/2018,04/01/2048,"$641,500.00",541201.51,0.07861,360,4645.09,Current,45,2026-05-30,VA,04800,697,A,2 years,100-150k,766000,SVC-04,SVC-04 Servicing LLC,2026-07-06,ENCOMPASS,P-2024-A,
LN-000009,B-00215,Adjustable Rate,Refinance,31/04/2023,12/04/2026,"$46,500.00","$32,294.80",0.06235,60,904.07,Current,0,2026-07-11,NY,23979,636,B+,< 1 year,<50k,72000,SVC-02,SVC-02 Servicing LLC,2026-07-20,SHAWBROOK,P-2023-C,
LN-000010,B-00104,Auto,Purchase,12/24/2020,12/24/2035,"$571,000.00",417337.44,0.05562,180,4684.35,Current,0,2026-07-11,Ontario,08302,,B-,3 years,50-75k,805000,SVC-03,SVC-03 Servicing LLC,2026-07-30,BLACKKNIGHT,P-2024-A,see servicing file
LN-000011,B-00356,Adjustable Rate,Purchase,01/12/2018,12/01/2025,"$845,500.00",787686.89,0.04567,84,11778.95,Current,0,2026-07-08,TN,43521,759,B+,7 years,100-150k,967000,SVC-03,SVC-03 Servicing LLC,2026-07-28,SHAWBROOK,P-2024-B,
LN-000012,B-00315,Adjustable Rate,Home improvement,05/11/2022,05/11/2042,"$120,500.00","(98,014.76)",0.07426,240,965.29,Current,0,2026-06-13,MI,26797,798,B,10+ years,150-250k,178000,SVC-06,SVC-06 Servicing LLC,2026-07-12,ENCOMPASS,P-2024-B,
LN-000013,B-00230,Adjustable Rate,Debt consolidation,09/21/2020,09/21/2030,"$281,000.00",200303.61,0.04320,120,2887.92,Current,0,2026-06-20,VA,28124,735,C+,5 years,100-150k,370000,SVC-04,SVC-04 Servicing LLC,2026-07-09,SHAWBROOK,P-2024-B,modified 2023
LN-000014,B-00045,Auto,Refinance,03/06/2020,03/06/2025,"$166,500.00",183351.78,0.07128,60,3306.96,Current,0,2026-07-16,Texas,17032,,C,1 year,250k+,241000,SVC-02,SVC-02 Servicing LLC,2026-07-21,SHAWBROOK,P-2024-A,refi
LN-000015,B-00059,HELOC,Debt consolidation,03/08/2023,03/08/2053,"$198,500.00",129526.60,0.05950,360,1183.73,Current,0,2026-06-19,NY,22030,747,A,< 1 year,<50k,231000,SVC-05,SVC-05 Servicing LLC,2026-07-13,BLACKKNIGHT,P-2024-B,refi
LN-000016,B-00331,ARM,Debt consolidation,04/23/2022,TBD,"$66,500.00",49108.31,0.06579,120,757.77,Current,0,2026-06-04,WI,96464,595,B+,3 years,75-100k,95000,SVC-03,SVC-03 Servicing LLC,2026-07-17,BLACKKNIGHT,P-2023-C,refi
LN-000017,B-00033,Adjustable Rate,Home improvement,10/26/2015,10/26/2030,"$68,500.00","$31,397.77",0.05233,180,550.04,Current,0,2026-06-25,AZ,94878,748,B-,3 years,250k+,89000,SVC-01,SVC-01 Servicing LLC,2026-07-10,SHAWBROOK,P-2024-A,modified 2023
LN-000018,B-00248,ARM,Cash-out refi,25/07/2016,07/25/2046,"$233,500.00",189680.13,6.784,360,1519.76,Current,0,2026-07-13,IL,32411,,A-,10+ years,<50k,348000,SVC-04,SVC-04 Servicing LLC,2026-07-23,FISERV,P-2024-B,see servicing file
LN-000019,B-00445,HELOC,Debt consolidation,08/14/2015,08/14/2022,"$438,000.00",414386.98,0.07175,84,6648.13,Delinquent,60,2026-06-16,OH,88614,616,B-,1 year,100-150k,692000,SVC-03,SVC-03 Servicing LLC,2026-07-26,FISERV,P-2024-A,
LN-000020,B-00435,Adjustable Rate,Purchase,08/23/2022,08/23/2032,"$253,500.00",222501.40,0.07619,120,3211.47,Current,0,2026-06-23,PA,93215,607,B-,10+ years,<50k,300000,SVC-06,SVC-06 Servicing LLC,2026-07-31,SHAWBROOK,P-2023-C,see servicing file
LN-000021,B-00064,Personal,Debt consolidation,08/14/2018,08/14/2048,"$467,000.00",356223.25,0.04931,360,2487.30,Current,0,2026-07-10,WI,21336,636,A,< 1 year,75-100k,695000,SVC-05,SVC-05 Servicing LLC,2026-07-30,SHAWBROOK,P-2023-C,see servicing file
LN-000022,B-00048,Fixed Rate,Home improvement,11/14/2021,11/14/2051,"$657,000.00",438529.55,0.04363,600,3275.66,Current,0,2026-06-15,AZ,2354,,C+,10+ years,<50k,1023000,SVC-01,SVC-01 Servicing LLC,2026-07-16,FISERV,P-2024-B,
LN-000023,B-00011,Auto,Purchase,04/28/2018,04/28/2048,"$538,000.00",279015.73,0.05667,360,3111.31,Current,0,2026-06-03,MD,98754,685,B-,10+ years,150-250k,758000,SVC-01,SVC-01 Servicing LLC,2026-07-13,ENCOMPASS,P-2024-B,escrow waived
LN-000024,B-00335,ARM,Cash-out refi,06/26/2016,06/26/2036,"$189,000.00",132100.51,0.07113,240,1478.16,Paid Off,0,2026-07-30,NY,96377,763,C+,5 years,<50k,300000,SVC-02,SVC-02 Servicing LLC,2026-07-31,BLACKKNIGHT,P-2023-C,
LN-000025,B-00402,HELOC,Cash-out refi,14/04/2018,04/14/2048,"$773,000.00","$513,948.98",0.07270,360,5283.71,Current,0,2026-05-31,PA,27045,752,A,2 years,150-250k,1141000,SVC-02,SVC-02 Servicing LLC,2026-07-13,SHAWBROOK,P-2024-A,see servicing file
LN-000026,B-00122,HELOC,Home improvement,11/11/2047,11/11/2017,"$670,000.00",380093.12,0.05297,360,3719.29,Current,0,2026-07-12,MA,28578,,C+,1 year,<50k,873000,SVC-06,SVC-06 Servicing LLC,2026-07-14,BLACKKNIGHT,P-2023-C,escrow waived
LN-000027,B-00434,HELOC,Refinance,05/21/2019,05/21/2049,"$770,500.00",604049.97,0.04857,360,4069.14,Current,60,2026-07-05,CA,67943,738,B,5 years,150-250k,1211000,SVC-02,SVC-02 Servicing LLC,2026-07-08,SHAWBROOK,P-2023-C,see servicing file
LN-000028,B-00042,Auto,Debt consolidation,10/10/2022,10/10/2042,"$179,500.00",113120.33,0.06534,240,1341.90,Delinquent,-10,2026-07-08,FL,93604,787,C+,5 years,100-150k,218000,SVC-01,SVC-01 Servicing LLC,2026-07-18,SHAWBROOK,P-2024-B,
LN-000029,B-00262,Adjustable Rate,Debt consolidation,10/15/2023,52519,"$579,000.00",507550.21,0.05669,240,4038.34,Current,0,2026-07-11,WI,99912,589,B+,2 years,50-75k,887000,SVC-02,SVC-02 Servicing LLC,2026-07-21,ENCOMPASS,P-2024-A,escrow waived
LN-000030,B-00363,Fixed Rate,Purchase,08/07/2018,08/07/2038,"$703,000.00",468432.67,0.07080,240,5484.16,Current,0,2026-06-28,MA,59339,8500,C+,2 years,250k+,1000000,SVC-01,SVC-01 Servicing LLC,2026-07-09,BLACKKNIGHT,P-2024-B,
LN-000031,B-00409,Fixed Rate,Refinance,12/07/2016,12/07/2036,"$160,000.00",87228.44,0.08236,240,1361.90,Current,0,2026-06-08,FL,06329,643,A-,< 1 year,75-100k,196000,SVC-01,SVC-01 Servicing LLC,2026-07-15,ENCOMPASS,P-2024-A,
LN-000032,B-00385,Auto,Home improvement,01/01/1900,10/21/2020,"$316,500.00",202714.14,0.05621,60,6063.21,Current,0,2026-07-04,FL,97976,608,C,5 years,250k+,395000,SVC-03,SVC-03 Servicing LLC,2026-07-25,SHAWBROOK,P-2024-A,escrow waived
LN-000033,B-00364,ARM,Cash-out refi,05/21/2019,05/21/2049,"$671,500.00","$563,239.07",0.07220,360,4567.16,Current,0,2026-06-03,NC,68052,686,A,1 year,75-100k,766000,SVC-05,SVC-05 Servicing LLC,2026-07-16,LEGACY-AS400,P-2024-B,see servicing file
LN-000034,B-00170,Fixed,Cash-out refi,03/27/2024,03/27/2054,"$53,000.00",pending,0.05092,360,287.50,Current,0,2026-06-28,TN,46994,,B+,2 years,150-250k,75000,SVC-06,SVC-06 Servicing LLC,2026-07-24,ENCOMPASS,P-2024-B,
LN-000035,B-00017,Adjustable Rate,Purchase,03/17/2024,03/17/2054,"$333,500.00",254410.74,0.06596,360,2129.05,Current,0,2026-07-06,IN,27811,728,B-,1 year,150-250k,405000,SVC-05,SVC-05 Servicing LLC,2026-07-24,SHAWBROOK,P-2024-B,see servicing file
LN-000036,B-00411,HELOC,Cash-out refi,12/01/2020,12/01/2030,"$654,000.00",299968.10,0.05012,120,6940.52,Current,0,2026-06-28,Calif.,47707,815,C,5 years,150-250k,788000,SVC-01,SVC-01 Servicing LLC,2026-07-24,LEGACY-AS400,P-2024-A,
LN-000037,B-00321,Personal,Home improvement,05/19/2017,05/19/2047,"$663,500.00",495461.77,0.08208,360,4965.08,Current,0,2026-07-11,TN,86380,626,C+,5 years,50-75k,840000,SVC-04,SVC-04 Servicing LLC,2026-07-14,SHAWBROOK,P-2024-B,
,B-00041,ARM,Refinance,02/28/2020,02/28/2050,"$441,000.00",232456.38,0.03820,360,2059.90,Current,0,2026-06-30,MD,45714,,B+,< 1 year,100-150k,669000,SVC-02,SVC-02 Servicing LLC,2026-07-31,LEGACY-AS400,P-2023-C,modified 2023
LN-000039,B-00398,Adjustable Rate,Purchase,13/07/2016,07/13/2026,"$306,500.00",166878.79,0.06954,120,3551.46,Current,0,2026-06-25,MI,9342,729,A-,1 year,250k+,428000,SVC-02,SVC-02 Servicing LLC,2026-07-30,FISERV,P-2024-B,refi
LN-000040,B-00037,Personal,Home improvement,01/08/2017,01/08/2032,"$500,000.00",383739.12,0.04871,180,3920.45,Current,0,2026-07-04,AZ,9021X,657,A-,10+ years,<50k,574000,SVC-01,SVC-01 Servicing LLC,2026-07-08,ENCOMPASS,P-2024-B,
LN-000041,B-00013,Auto,Cash-out refi,05/03/2023,05/03/2053,"$382,000.00","$218,104.69",0.05270,360,2114.15,Current,0,2026-06-29,MD,98880,766,C+,3 years,50-75k,441000,SVC-05,SVC-05 Servicing LLC,2026-07-29,FISERV,P-2024-A,escrow waived
LN-000042,B-00250,Fixed,Refinance,12/26/2017,12/26/2047,"$648,000.00",374118.31,0.04176,360,3159.76,Default,90,2026-06-05,MD,65528,,C,1 year,250k+,946000,SVC-04,SVC-04 Servicing LLC,2026-07-15,LEGACY-AS400,P-2024-B,
LN-000043,B-00179,Fixed,Cash-out refi,11/18/2016,11/18/2046,"$555,000.00",271124.00,0.06072,360,3353.24,Delinquent,45,2026-06-05,XX,70955,673,B,10+ years,250k+,878000,SVC-06,SVC-06 Servicing LLC,2026-07-17,FISERV,P-2023-C,see servicing file
LN-000044,B-00398,Auto,Cash-out refi,02/16/2016,02/16/2021,"$745,000.00",706841.20,0.04577,60,13915.15,Current,0,2026-07-15,PA,25030,806,A-,2 years,50-75k,930000,, Servicing LLC,2026-07-31,FISERV,P-2024-B,refi
LN-000045,B-00346,ARM,Refinance,11/04/2018,11/04/2048,"$599,000.00",319283.51,0.06667,360,3852.11,Current,0,2026-06-07,CA,60255,802,B+,7 years,50-75k,898000,SVC-06,SVC-06 Servicing LLC,2026-07-15,BLACKKNIGHT,P-2023-C,
,B-00333,Fixed Rate,Debt consolidation,18/06/2022,06/18/2052,"$671,500.00",533305.18,0.05571,360,4054.13,Current,45,2026-02-01,PA,96155,,C,< 1 year,250k+,990000,SVC-06,SVC-06 Servicing LLC,2026-03-02,SHAWBROOK,P-2024-A,
LN-000047,B-00246,HELOC,Purchase,01/08/2023,01/08/2033,"$67,500.00",57955.62,0.04707,120,706.31,Current,0,2026-06-18,NC,07473,625,A-,3 years,150-250k,96000,SVC-05,SVC-05 Servicing LLC,2026-07-23,ENCOMPASS,P-2023-C,modified 2023
LN-000048,B-00008,Adjustable Rate,Cash-out refi,02/12/2017,02/12/2037,"$349,000.00",200933.09,0.19750,240,2291.69,Delinquent,30,2026-06-17,WA,10856,603,A-,5 years,75-100k,449000,SVC-01,SVC-01 Servicing LLC,2026-07-18,LEGACY-AS400,P-2023-C,
LN-000049,B-00440,Adjustable Rate,Debt consolidation,12/19/2024,12/19/2054,"$616,500.00","$417,388.20",0.04579,360,3152.72,Current,0,2026-07-03,NC,03281,704,C+,1 year,50-75k,837000,SVC-03,SVC-03 Servicing LLC,2026-07-28,SHAWBROOK,P-2024-A,
LN-000050,B-00079,HELOC,Cash-out refi,30/02/2022,07/21/2038,"$474,500.00",341721.17,0.05806,240,3346.57,Current,0,2026-06-12,TX,69727,,B+,2 years,100-150k,742000,SVC-06,SVC-06 Servicing LLC,2026-07-19,ENCOMPASS,P-2024-B,
LN-000051,B-00450,Personal,Purchase,03/04/2015,03/04/2030,"$646,000.00",716673.61,0.04389,180,4905.29,Current,0,2026-06-27,TN,45656,727,C+,10+ years,150-250k,769000,SVC-01,SVC-01 Servicing LLC,2026-07-19,FISERV,P-2024-A,
LN-000052,B-00173,Fixed,Cash-out refi,03/24/2023,50488,"$320,500.00",167243.11,0.06044,180,2712.19,Current,0,2026-07-08,CA,11270,726,B,< 1 year,250k+,465000,SVC-03,SVC-03 Servicing LLC,2026-07-14,BLACKKNIGHT,P-2023-C,refi
LN-000053,B-00104,Adjustable Rate,Home improvement,21/09/2017,09/21/2024,"$688,500.00",375404.64,0.07059,84,10411.18,Current,0,2026-06-14,MI,40623,654,C,2 years,75-100k,855000,SVC-06,SVC-06 Servicing LLC,2026-07-12,FISERV,P-2024-A,see servicing file
LN-000054,B-00024,Auto,Home improvement,01/03/2018,01/03/2028,"$623,000.00",355255.32,0.04840,120,6559.27,Current,0,2026-06-30,NC,14716,,B+,7 years,250k+,801000,SVC-01,SVC-01 Servicing LLC,2026-07-20,ENCOMPASS,P-2024-B,see servicing file
LN-000055,B-00337,HELOC,Debt consolidation,05/28/2015,05/28/2022,"$431,500.00",304270.21,0.06974,84,6507.01,Current,0,2026-07-07,NC,41119,724,B,1 year,75-100k,575000,SVC-01,SVC-01 Servicing LLC,2026-07-24,LEGACY-AS400,P-2024-B,
LN-000056,B-00184,Auto,Debt consolidation,12/05/2020,12/05/2050,"$355,500.00",193274.97,0.08204,360,2659.27,Current,0,2026-06-12,NJ,2735,814,C,10+ years,250k+,496000,SVC-01,SVC-01 Servicing LLC,2026-07-20,ENCOMPASS,P-2024-B,refi
LN-000057,B-00319,Auto,Purchase,09/17/2016,09/17/2046,"$129,000.00","$81,716.43",0.04691,360,668.35,Current,0,2026-07-05,MA,76833,638,A-,7 years,<50k,177000,SVC-04,SVC-04 Servicing LLC,2026-07-29,ENCOMPASS,P-2023-C,
LN-000058,B-00243,Fixed,Refinance,03/18/2015,03/18/2035,"$148,000.00",103753.14,0.07669,240,1207.62,Default,120,2026-07-05,MD,24590,,B,2 years,150-250k,207000,SVC-05,SVC-05 Servicing LLC,2026-07-07,BLACKKNIGHT,P-2024-B,escrow waived
LN-000059,B-00220,ARM,Debt consolidation,05/27/2020,05/27/2027,"$296,500.00",178474.63,0.03968,84,4048.44,Current,0,2026-07-20,NJ,89375,719,C+,7 years,75-100k,397000,SVC-02,SVC-02 Servicing LLC,2026-07-20,LEGACY-AS400,P-2023-C,
LN-000060,B-00361,HELOC,Home improvement,18/01/2019,01/18/2049,"$182,000.00",149237.95,0.03991,360,867.95,Current,0,2026-07-12,NC,77310,791,B+,7 years,100-150k,231000,SVC-06,SVC-06 Servicing LLC,2026-07-12,LEGACY-AS400,P-2024-B,refi
LN-000061,B-00044,Fixed,Home improvement,06/16/2023,06/16/2033,"$56,000.00",38345.24,0.03869,120,563.49,Current,0,2026-07-04,NY,95224,701,C,2 years,100-150k,73000,SVC-05,SVC-05 Servicing LLC,2026-07-20,ENCOMPASS,P-2024-A,
LN-000062,B-00012,Personal,Home improvement,10/11/2021,10/11/2028,"$89,500.00",49869.03,0.04866,84,1259.36,Current,0,2026-06-19,NY,29703,,A-,< 1 year,250k+,126000,SVC-03,SVC-03 Servicing LLC,2026-07-25,SHAWBROOK,P-2024-B,escrow waived
LN-000063,B-00035,Fixed,Purchase,03/19/2024,03/19/2054,"$617,000.00",489841.98,0.07596,360,4354.79,Current,0,2026-06-23,WA,22720,775,C,1 year,100-150k,897000,SVC-05,SVC-05 Servicing LLC,2026-07-09,SHAWBROOK,P-2023-C,modified 2023
LN-000064,B-00250,Personal,Refinance,01/09/2024,01/09/2031,"$203,000.00",136556.04,0.06067,84,2972.06,Current,0,2026-06-06,TX,59480,818,B-,1 year,50-75k,230000,SVC-05,SVC-05 Servicing LLC,2026-07-15,LEGACY-AS400,P-2024-B,
LN-000065,B-00264,HELOC,Refinance,12/21/2023,12/21/2038,"$376,500.00","$324,368.21",0.07018,180,3387.88,Current,45,2026-06-19,IL,06900,756,C,3 years,50-75k,434000,SVC-01,SVC-01 Servicing LLC,2026-07-30,ENCOMPASS,P-2024-B,refi
LN-000066,B-00326,HELOC,Purchase,03/19/2021,03/19/2026,"$268,000.00",152286.22,0.05628,60,5134.96,Current,0,2026-07-03,NY,40353,,B+,< 1 year,75-100k,328000,SVC-04,SVC-04 Servicing LLC,2026-07-12,ENCOMPASS,P-2024-A,see servicing file
LN-000067,B-00219,Adjustable Rate,Cash-out refi,18/02/2021,02/18/2028,"$836,000.00",673831.06,0.05692,84,12089.69,Current,0,2026-06-13,NY,19483,771,B,< 1 year,250k+,1276000,SVC-03,SVC-03 Servicing LLC,2026-07-13,LEGACY-AS400,P-2024-A,modified 2023
LN-000068,B-00155,Adjustable Rate,Home improvement,09/08/2015,09/08/2035,"$563,000.00",357152.82,0.05768,240,3958.52,Current,0,2026-07-16,WA,38057,732,C+,10+ years,100-150k,649000,SVC-04,SVC-04 Servicing LLC,2026-07-16,ENCOMPASS,P-2024-B,refi
LN-000069,B-00289,ARM,Refinance,10/28/2023,10/28/2043,"$126,500.00",81766.81,0.07011,240,981.59,Current,0,2026-07-28,TN,71258,820,A-,10+ years,250k+,196000,SVC-03,SVC-03 Servicing LLC,2026-07-29,ENCOMPASS,P-2024-B,modified 2023
LN-000070,B-00455,ARM,Home improvement,10/03/2015,10/03/2025,"$806,500.00",631875.71,0.03814,120,8094.32,Current,0,2026-07-02,PA,36617,,B-,< 1 year,75-100k,1192000,SVC-06,SVC-06 Servicing LLC,2026-07-29,SHAWBROOK,P-2023-C,
LN-000071,B-00057,Auto,Refinance,10/21/2024,10/21/2031,"$441,500.00",283505.49,0.07846,84,6847.49,Current,0,2026-06-01,VA,82711,648,B,1 year,100-150k,515000,SVC-01,SVC-01 Servicing LLC,2026-07-07,ENCOMPASS,P-2024-B,
LN-000072,B-00231,Personal,Cash-out refi,03/04/2016,03/04/2031,"$770,500.00",374142.97,0.03865,180,5954.55,Current,0,2026-07-08,MI,57313,624,C+,1 year,50-75k,1206000,SVC-03,SVC-03 Servicing LLC,2026-07-09,LEGACY-AS400,P-2023-C,
LN-000073,B-00062,ARM,Debt consolidation,09/24/2024,09/24/2029,"$186,500.00","$146,105.72",0.07621,60,3747.81,Current,0,2026-06-09,MI,4909,764,B-,2 years,<50k,208000,SVC-05,SVC-05 Servicing LLC,2026-07-15,LEGACY-AS400,P-2024-A,
LN-000074,B-00136,ARM,Refinance,05/12/2017,12/05/2024,"$209,000.00",94435.91,0.06383,84,3091.71,Current,0,2026-07-10,MA,26523,,A,< 1 year,50-75k,322000,SVC-02,SVC-02 Servicing LLC,2026-07-21,ENCOMPASS,P-2024-B,refi
LN-000075,B-00381,Personal,Refinance,07/10/2024,48039,"$690,000.00",559773.89,0.05378,84,9875.42,Current,0,2026-07-01,MO,72901,632,B,1 year,50-75k,811000,SVC-02,SVC-02 Servicing LLC,2026-07-23,FISERV,P-2024-A,modified 2023
LN-000076,B-00208,Adjustable Rate,Purchase,07/02/2018,07/02/2033,"$515,000.00",443787.41,0.04489,180,3936.82,Current,0,2026-07-11,N/A,13843,798,A-,10+ years,250k+,578000,SVC-02,SVC-02 Servicing LLC,2026-07-26,ENCOMPASS,P-2024-B,modified 2023
LN-000077,B-00381,Auto,Home improvement,04/28/2023,04/28/2053,"$446,500.00",205486.63,0.07668,360,3173.52,Paid Off,0,2026-07-01,NY,50124,768,A-,3 years,100-150k,659000,SVC-05,SVC-05 Servicing LLC,2026-07-30,LEGACY-AS400,P-2023-C,
LN-000078,B-00454,ARM,Home improvement,05/18/2017,05/18/2024,"$181,500.00",97184.99,0.03956,84,2477.21,Current,0,2026-06-30,PA,95802,,B+,7 years,250k+,225000,SVC-04,SVC-04 Servicing LLC,2026-07-23,BLACKKNIGHT,P-2023-C,
LN-000079,B-00236,HELOC,Home improvement,07/09/2018,07/09/2048,"$443,500.00",322014.86,0.07706,360,3163.81,Current,0,2026-07-09,AZ,40914,582,B-,10+ years,100-150k,624000,SVC-02,SVC-02 Servicing LLC,2026-07-14,FISERV,P-2024-B,refi
LN-000080,B-00163,Fixed,Purchase,03/08/2018,03/08/2048,"$753,500.00",498072.91,0.03847,360,3531.18,Current,0,2026-06-18,OH,32701,656,C+,2 years,75-100k,1145000,SVC-06,SVC-06 Servicing LLC,2026-07-31,LEGACY-AS400,P-2023-C,
LN-000081,B-00177,HELOC,Home improvement,25/03/2016,03/25/2046,"$343,500.00","$201,482.05",0.07311,360,2357.50,Current,0,2026-07-11,NJ,95545,750,B,5 years,250k+,480000,SVC-01,SVC-01 Servicing LLC,2026-07-20,ENCOMPASS,P-2024-A,
LN-000082,B-00353,Adjustable Rate,Debt consolidation,05/10/2021,05/10/2051,"$588,500.00",497516.71,0.07595,360,4153.23,Current,0,2026-07-08,IL,65502,,B-,1 year,50-75k,906000,SVC-04,SVC-04 Servicing LLC,2026-07-17,BLACKKNIGHT,P-2024-B,
LN-000083,B-00138,Adjustable Rate,Refinance,01/08/2015,01/08/2035,"$657,000.00",493520.61,0.07909,240,5458.26,Current,0,2026-07-11,PA,73671,811,B-,10+ years,75-100k,1045000,SVC-02,SVC-02 Servicing LLC,2026-07-11,SHAWBROOK,P-2023-C,see servicing file
LN-000084,B-00048,ARM,Home improvement,11/13/2022,11/13/2052,"$596,500.00",421717.28,0.06808,360,3891.91,Current,75,2026-07-14,VA,13821,726,A-,< 1 year,100-150k,858000,SVC-01,SVC-01 Servicing LLC,2026-07-28,ENCOMPASS,P-2024-A,modified 2023
LN-000085,B-00265,Auto,Refinance,02/19/2020,02/19/2030,"$92,500.00",83249.89,0.05962,120,1025.18,Current,0,2025-06-28,NY,94081,787,B,< 1 year,75-100k,140000,SVC-01,SVC-01 Servicing LLC,2025-08-08,FISERV,P-2024-B,see servicing file
LN-000086,B-00149,Fixed Rate,Home improvement,10/11/2019,10/11/2039,"$66,000.00",32969.47,0.04001,240,399.98,Current,0,2026-06-27,MD,59336,,A,10+ years,<50k,101000,SVC-06,SVC-06 Servicing LLC,2026-07-17,SHAWBROOK,P-2023-C,refi
LN-000087,B-00383,HELOC,Purchase,05/11/2021,05/11/2051,"$114,500.00",74285.70,0.08090,360,847.36,Current,0,2026-07-11,OH,54705,723,A-,3 years,150-250k,148000,SVC-06,SVC-06 Servicing LLC,2026-07-31,FISERV,P-2024-B,see servicing file
LN-000088,B-00456,Auto,Refinance,02/05/2021,05/02/2028,"$163,500.00",180836.47,0.05876,84,2378.79,Current,0,2026-07-06,NC,66075,793,B-,2 years,150-250k,230000,SVC-04,SVC-04 Servicing LLC,2026-07-27,LEGACY-AS400,P-2024-A,
LN-000089,B-00081,Adjustable Rate,Refinance,07/02/2015,07/02/2020,"$438,000.00","$414,347.07",0.06087,60,8485.50,Delinquent,60,2026-07-07,VA,39056,697,A,2 years,75-100k,690000,SVC-01,SVC-01 Servicing LLC,2026-07-15,ENCOMPASS,P-2023-C,refi
LN-000090,B-00008,HELOC,Purchase,08/05/2019,08/05/2049,"$480,500.00",226009.68,0.06900,360,3164.57,Delinquent,60,2026-06-26,TX,5037,,B,< 1 year,50-75k,565000,SVC-01,SVC-01 Servicing LLC,2026-07-29,LEGACY-AS400,P-2024-A,
LN-000091,B-00113,HELOC,Cash-out refi,30/02/2022,07/24/2035,"$199,500.00",159486.71,0.06773,240,1519.66,Current,0,2026-07-09,MD,59954,622,C+,2 years,50-75k,307000,SVC-03,SVC-03 Servicing LLC,2026-07-10,SHAWBROOK,P-2024-A,see servicing file
LN-000092,B-00432,HELOC,Debt consolidation,01/26/2019,01/26/2049,"$475,000.00",409968.43,0.08157,360,3537.51,Current,0,2026-07-03,MI,25546,762,C,1 year,50-75k,530000,SVC-01,SVC-01 Servicing LLC,2026-07-26,LEGACY-AS400,P-2024-A,
LN-000093,B-00465,Personal,Cash-out refi,09/04/2018,09/04/2048,"$754,000.00",674596.86,0.05432,360,4249.02,Current,0,2026-07-12,MD,18015,710,A-,3 years,75-100k,869000,SVC-05,SVC-05 Servicing LLC,2026-07-23,FISERV,P-2024-A,
LN-000094,B-00157,Fixed Rate,Debt consolidation,03/01/2019,03/01/2039,"$69,500.00",60822.61,0.05846,240,491.76,Current,0,2026-07-05,IL,58297,,B-,10+ years,<50k,110000,SVC-06,SVC-06 Servicing LLC,2026-07-19,LEGACY-AS400,P-2023-C,see servicing file
LN-000095,B-00057,Auto,Purchase,18/08/2022,08/18/2032,"$787,000.00",411187.68,0.07407,120,9303.67,Current,0,2026-06-19,VA,90543,602,A,7 years,100-150k,965000,SVC-02,SVC-02 Servicing LLC,2026-07-19,SHAWBROOK,P-2024-B,escrow waived
LN-000096,B-00401,Fixed Rate,Debt consolidation,11/13/2018,11/13/2033,"$280,000.00",143474.33,0.04875,180,2196.03,Current,0,2026-06-12,TN,47636,694,C,5 years,250k+,380000,SVC-03,SVC-03 Servicing LLC,2026-07-20,LEGACY-AS400,P-2024-A,refi
LN-000097,B-00275,HELOC,Home improvement,09/11/2024,09/11/2054,"$716,500.00","$338,637.84",0.06120,360,4351.21,Current,0,2026-06-08,OH,62387,705,A-,< 1 year,250k+,844000,SVC-04,SVC-04 Servicing LLC,2026-07-15,BLACKKNIGHT,P-2024-A,refi
LN-000098,B-00181,Adjustable Rate,Purchase,05/15/2018,45792,"$534,000.00",380955.03,0.07650,84,8938.50,Current,0,2026-06-24,IN,50091,,A,1 year,<50k,684000,SVC-04,SVC-04 Servicing LLC,2026-07-19,LEGACY-AS400,P-2023-C,
LN-000099,B-00375,Fixed Rate,Cash-out refi,03/16/2017,03/16/2032,"$247,000.00",176703.69,0.04487,180,1887.89,Current,0,2026-06-19,FL,42865,658,A-,< 1 year,<50k,327000,SVC-06,SVC-06 Servicing LLC,2026-07-06,ENCOMPASS,P-2023-C,see servicing file
LN-000100,B-00276,Auto,Purchase,02/01/2024,02/01/2029,"$97,000.00",88882.73,0.06322,60,1889.84,Current,0,2026-07-16,CA,75098,796,B,1 year,50-75k,112000,SVC-01,SVC-01 Servicing LLC,2026-07-29,SHAWBROOK,P-2023-C,
LN-000101,B-00334,Fixed,Debt consolidation,01/20/2023,01/20/2030,"$569,000.00",450002.13,0.06272,84,8386.66,Current,0,2026-07-07,FL,41935,250,B+,7 years,75-100k,842000,SVC-05,SVC-05 Servicing LLC,2026-07-30,ENCOMPASS,P-2024-A,refi
LN-000102,B-00109,Personal,Debt consolidation,01/08/2022,08/01/2027,"$706,000.00",486378.72,0.04104,60,13035.23,Current,0,2026-07-23,MA,13379,,A-,2 years,<50k,1104000,SVC-01,SVC-01 Servicing LLC,2026-07-30,ENCOMPASS,P-2024-A,refi
LN-000103,B-00397,Adjustable Rate,Debt consolidation,06/25/2018,06/25/2038,"$391,500.00",254131.37,0.05281,240,2644.88,Current,45,2026-06-01,PA,74070,609,C,5 years,100-150k,591000,SVC-02,SVC-02 Servicing LLC,2026-07-09,ENCOMPASS,P-2024-A,refi
LN-000104,B-00132,HELOC,Refinance,08/05/2015,08/05/2045,"$764,500.00",563900.97,0.05704,360,4439.10,Current,0,2026-06-17,AZ,55413,705,B,< 1 year,250k+,888000,SVC-02,SVC-02 Servicing LLC,2026-07-19,FISERV,P-2024-A,
LN-000105,B-00339,Personal,Home improvement,01/26/2022,01/26/2052,"$553,500.00","$281,664.08",0.07958,360,4045.19,Current,0,2026-06-18,WA,33691,744,C+,1 year,150-250k,881000,SVC-06,SVC-06 Servicing LLC,2026-07-10,SHAWBROOK,P-2024-A,
LN-000106,B-00301,HELOC,Cash-out refi,03/09/2023,03/09/2043,"$214,500.00",146062.10,0.06673,240,1621.18,Delinquent,60,2026-06-16,GA,23441,,C,2 years,<50k,311000,SVC-05,SVC-05 Servicing LLC,2026-07-30,LEGACY-AS400,P-2024-A,
LN-000107,B-00055,Fixed Rate,Debt consolidation,06/11/2016,06/11/2046,"$98,500.00",50800.62,0.08040,360,725.51,Current,0,2026-07-17,GA,5346,809,B-,7 years,250k+,150000,SVC-01,SVC-01 Servicing LLC,2026-07-18,SHAWBROOK,P-2023-C,
LN-000108,B-00112,Adjustable Rate,Debt consolidation,12/09/2021,12/09/2041,"$684,500.00",393684.25,0.04819,240,4449.24,Current,0,2026-07-04,PA,21776,669,C,7 years,50-75k,866000,SVC-06,SVC-06 Servicing LLC,2026-07-13,BLACKKNIGHT,P-2023-C,
LN-000109,B-00267,Personal,Cash-out refi,09/07/2021,07/09/2051,"$318,000.00",238111.39,0.07127,360,2142.85,Current,0,2026-07-06,N/A,34713,768,A-,< 1 year,100-150k,361000,SVC-06,SVC-06 Servicing LLC,2026-07-18,SHAWBROOK,P-2024-A,
LN-000110,B-00133,Fixed Rate,Refinance,07/13/2022,07/13/2037,"$738,500.00",649956.80,0.06305,180,6354.23,Current,0,2026-06-16,PA,16046,,B-,2 years,<50k,949000,SVC-05,SVC-05 Servicing LLC,2026-07-22,FISERV,P-2024-A,
LN-000111,B-00465,Fixed,Cash-out refi,07/15/2019,07/15/2024,"$539,500.00",425807.56,0.05902,60,10405.48,Delinquent,45,2026-06-14,TX,80593,661,A-,< 1 year,<50k,653000,SVC-04,SVC-04 Servicing LLC,2026-07-14,BLACKKNIGHT,P-2023-C,escrow waived
LN-000112,B-00168,Fixed Rate,Debt consolidation,08/22/2023,08/22/2053,"$428,000.00",396266.24,0.06100,360,2593.66,Current,0,2026-07-06,MI,63020,612,C+,7 years,50-75k,663000,SVC-04,SVC-04 Servicing LLC,2026-07-15,LEGACY-AS400,P-2024-A,refi
LN-000113,B-00266,Auto,Debt consolidation,12/15/2021,12/15/2031,"$437,000.00","$323,454.44",0.07418,120,5168.58,Current,0,2026-07-19,PA,78656,733,A,5 years,75-100k,690000,SVC-04,SVC-04 Servicing LLC,2026-07-24,LEGACY-AS400,P-2024-A,see servicing file
LN-000114,B-00084,ARM,Debt consolidation,02/16/2022,02/16/2052,"$290,500.00",218676.16,0.06094,360,1759.29,Current,0,2026-07-06,VA,72165,,B+,1 year,100-150k,411000,SVC-05,SVC-05 Servicing LLC,2026-07-09,LEGACY-AS400,P-2023-C,escrow waived
LN-000115,B-00020,Adjustable Rate,Cash-out refi,12/17/2015,12/17/2035,"$630,500.00",451465.39,0.04062,240,3841.34,Current,0,2026-06-28,GA,04711,757,B-,10+ years,75-100k,879000,SVC-05,SVC-05 Servicing LLC,2026-07-11,FISERV,P-2024-A,
LN-000116,B-00164,Personal,Refinance,02/01/2018,01/02/2048,"$846,500.00",700147.74,0.06302,360,5240.71,Current,0,2026-07-15,OH,59609,694,A,3 years,250k+,1034000,SVC-06,SVC-06 Servicing LLC,2026-07-20,BLACKKNIGHT,P-2023-C,see servicing file
LN-000117,B-00335,Fixed Rate,Debt consolidation,08/27/2018,08/27/2028,"$746,500.00",445207.37,0.05711,120,8179.76,Current,0,2026-06-25,VA,81279,680,A-,10+ years,100-150k,1077000,SVC-01,SVC-01 Servicing LLC,2026-07-06,SHAWBROOK,P-2023-C,refi
LN-000118,B-00085,ARM,Refinance,10/18/2018,10/18/2023,"$493,000.00",452102.05,0.07123,60,9790.63,Current,0,2026-07-01,NC,26183,,B+,3 years,150-250k,782000,SVC-02,SVC-02 Servicing LLC,2026-07-12,ENCOMPASS,P-2023-C,escrow waived
LN-000119,B-00049,HELOC,Debt consolidation,12/11/2028,12/11/2023,"$238,000.00",146582.41,0.06157,60,4618.60,Current,0,2026-07-21,PA,59018,690,B+,3 years,250k+,324000,SVC-05,SVC-05 Servicing LLC,2026-07-31,BLACKKNIGHT,P-2024-B,
LN-000120,B-00170,HELOC,Purchase,12/15/2019,12/15/2026,"$602,500.00",420386.72,0.07755,84,9317.32,Delinquent,60,2026-07-12,AZ,30197,690,A-,10+ years,50-75k,720000,SVC-05,SVC-05 Servicing LLC,2026-07-29,SHAWBROOK,P-2024-B,
LN-000042,B-00201,Auto,Debt consolidation,12/15/2024,49293,"$71,500.00","$60,134.23",0.06029,120,794.84,Current,0,2026-07-05,NJ,02643,693,A,10+ years,75-100k,109000,SVC-04,SVC-04 Servicing LLC,2026-07-19,ENCOMPASS,P-2024-B,see servicing file
LN-000122,B-00071,Adjustable Rate,Cash-out refi,09/11/2023,09/11/2053,"$69,000.00",56950.95,0.04027,360,330.49,Current,45,2026-06-05,IN,51614,,C+,10+ years,75-100k,108000,SVC-02,SVC-02 Servicing LLC,2026-07-10,SHAWBROOK,P-2023-C,modified 2023
LN-000123,B-00419,HELOC,Debt consolidation,06/03/2020,03/06/2050,"$722,000.00",607474.33,0.04608,360,3704.75,Current,0,2026-06-02,MA,36375,694,B,1 year,100-150k,1112000,SVC-02,SVC-02 Servicing LLC,2026-07-08,FISERV,P-2024-A,escrow waived
LN-000124,B-00359,Auto,Cash-out refi,01/13/2019,01/13/2024,"$794,500.00",702332.64,0.05194,60,16218.61,Current,0,2025-09-12,VA,5166,637,B,10+ years,75-100k,1048000,SVC-04,SVC-04 Servicing LLC,2025-10-05,LEGACY-AS400,P-2024-B,
LN-000125,B-00187,ARM,Purchase,08/25/2020,08/25/2027,"$245,500.00",272104.93,0.07851,84,3808.22,Current,0,2026-05-31,WI,47385,597,A,3 years,<50k,317000,SVC-01,SVC-01 Servicing LLC,2026-07-07,FISERV,P-2023-C,
LN-000126,B-00286,Fixed Rate,Cash-out refi,05/16/2023,05/16/2033,"$365,000.00",193577.55,0.06946,120,4227.81,Current,0,2026-06-23,NC,78168,,B,3 years,50-75k,516000,SVC-06,SVC-06 Servicing LLC,2026-07-25,FISERV,P-2023-C,see servicing file
LN-000127,B-00072,ARM,Purchase,07/22/2017,07/22/2047,"$153,000.00",88142.03,0.07444,360,1063.94,Current,0,2026-06-21,IL,47676,681,C,2 years,100-150k,210000,SVC-02,SVC-02 Servicing LLC,2026-07-14,SHAWBROOK,P-2024-A,
LN-000128,B-00129,Adjustable Rate,Home improvement,07/12/2023,07/12/2053,"$60,000.00",41140.93,0.06859,360,393.52,Current,0,2026-07-01,NJ,95102,752,B-,1 year,250k+,93000,SVC-04,SVC-04 Servicing LLC,2026-07-13,FISERV,P-2024-B,
LN-000129,B-00206,Fixed Rate,Cash-out refi,12/24/2022,12/24/2042,"$736,000.00","$541,045.63",0.06048,240,5293.33,Current,0,2026-07-21,CA,71150,613,B,2 years,<50k,958000,SVC-05,SVC-05 Servicing LLC,2026-07-23,LEGACY-AS400,P-2024-B,
LN-000130,B-00419,Adjustable Rate,Debt consolidation,22/04/2023,04/22/2053,"$197,000.00",111993.51,0.07460,360,1372.06,Paid Off,0,2026-07-20,AZ,70841,,B+,1 year,50-75k,236000,SVC-03,SVC-03 Servicing LLC,2026-07-20,BLACKKNIGHT,P-2024-B,
LN-000131,B-00379,ARM,Debt consolidation,09/06/2019,09/06/2049,"$574,000.00",293778.27,0.04698,360,2976.29,Current,0,2026-06-08,OH,24302,639,B-,5 years,<50k,725000,SVC-06,SVC-06 Servicing LLC,2026-07-08,LEGACY-AS400,P-2024-A,escrow waived
LN-000132,B-00234,Fixed,Home improvement,31/02/2024,09/16/2050,"$186,500.00",162490.78,0.05934,360,1110.26,Current,0,2026-06-10,TX,31652,688,C,5 years,150-250k,267000,SVC-01,SVC-01 Servicing LLC,2026-07-08,LEGACY-AS400,P-2023-C,see servicing file
LN-000133,B-00296,Fixed,Debt consolidation,01/01/1900,01/15/2031,"$819,000.00",710448.35,0.07867,84,12710.91,Current,0,2026-06-02,TN,54176,674,A,7 years,150-250k,1024000,, Servicing LLC,2026-07-15,FISERV,P-2023-C,
LN-000134,B-00287,HELOC,Purchase,09/02/2022,09/02/2032,"$640,500.00",548908.86,0.06537,120,7284.81,Current,0,2026-06-17,FL,99578,,C,2 years,50-75k,810000,SVC-04,SVC-04 Servicing LLC,2026-07-07,ENCOMPASS,P-2023-C,
LN-000135,B-00368,Fixed,Cash-out refi,11/17/2018,11/17/2048,"$560,000.00",280792.14,0.06519,360,3546.58,Current,0,2026-06-27,MI,72912,582,B+,2 years,50-75k,895000,SVC-01,SVC-01 Servicing LLC,2026-07-12,SHAWBROOK,P-2024-B,modified 2023
LN-000136,B-00228,Personal,Refinance,03/14/2024,03/14/2029,"$834,500.00",445902.31,0.04281,60,15474.64,Delinquent,30,2026-07-06,IL,18905,653,B-,2 years,75-100k,1224000,SVC-04,SVC-04 Servicing LLC,2026-07-14,BLACKKNIGHT,P-2023-C,
LN-000137,B-00379,Personal,Purchase,07/05/2015,00/00/0000,"$447,000.00","$210,060.08",0.04718,360,2323.15,Current,0,2026-06-08,NY,24052,798,A-,< 1 year,<50k,626000,SVC-02,SVC-02 Servicing LLC,2026-07-17,FISERV,P-2024-B,refi
LN-000138,B-00057,Personal,Home improvement,05/04/2015,05/04/2045,"$586,500.00",353331.96,0.07155,360,3963.24,Current,0,2026-07-07,IL,82126,,A-,2 years,250k+,798000,SVC-05,SVC-05 Servicing LLC,2026-07-07,FISERV,P-2023-C,
LN-000139,B-00234,Fixed,Home improvement,02/03/2023,02/03/2053,"$625,500.00",466646.82,0.06976,360,4151.39,Current,0,2026-07-01,TN,24411,619,B+,2 years,100-150k,836000,SVC-04,SVC-04 Servicing LLC,2026-07-08,FISERV,P-2024-A,
LN-000140,B-00264,ARM,Purchase,02/04/2020,02/04/2035,"$602,500.00",472067.76,0.06121,180,5123.71,Current,0,2026-06-30,FL,92913,613,C,7 years,100-150k,899000,SVC-02,SVC-02 Servicing LLC,2026-07-18,SHAWBROOK,P-2023-C,
LN-000141,B-00213,Adjustable Rate,Purchase,05/17/2021,05/17/2031,"$131,000.00",120039.86,0.06761,120,1504.93,Current,75,2026-07-01,IN,7638,671,B,2 years,150-250k,190000,SVC-05,SVC-05 Servicing LLC,2026-07-08,FISERV,P-2024-B,
LN-000142,B-00209,Adjustable Rate,Purchase,09/23/2018,09/23/2038,"$676,000.00",535198.32,0.04001,240,4096.78,Delinquent,45,2026-06-22,XX,15301,,A-,5 years,<50k,896000,SVC-04,SVC-04 Servicing LLC,2026-07-12,BLACKKNIGHT,P-2024-A,see servicing file
LN-000143,B-00167,Personal,Debt consolidation,04/07/2018,04/07/2025,"$371,500.00",248179.16,0.05920,84,5412.84,Current,0,2026-06-06,WA,23582,811,B,7 years,<50k,580000,SVC-01,SVC-01 Servicing LLC,2026-07-10,BLACKKNIGHT,P-2024-B,modified 2023
LN-000144,B-00132,HELOC,Cash-out refi,02/10/2017,46662,"$741,500.00",569961.55,0.04406,120,7651.23,Current,0,2026-06-27,WI,76447,590,C+,5 years,150-250k,1027000,SVC-04,SVC-04 Servicing LLC,2026-07-26,BLACKKNIGHT,P-2024-B,
LN-000145,B-00255,HELOC,Purchase,03/14/2024,03/14/2031,"$522,000.00","$281,854.14",0.04106,84,7160.62,Current,0,2026-07-16,AZ,46767,605,A-,1 year,75-100k,780000,SVC-02,SVC-02 Servicing LLC,2026-07-23,LEGACY-AS400,P-2023-C,
LN-000146,B-00454,HELOC,Debt consolidation,01/17/2017,01/17/2027,"$830,000.00",749456.59,0.07587,120,9889.98,Current,0,2026-06-03,Texas,45404,,B-,3 years,150-250k,1096000,SVC-03,SVC-03 Servicing LLC,2026-07-11,FISERV,P-2023-C,refi
LN-000147,B-00119,Adjustable Rate,Home improvement,10/01/2019,10/01/2049,"$356,500.00",240857.29,0.06492,360,2251.45,Current,0,2026-07-26,CA,84043,590,B+,3 years,100-150k,511000,SVC-01,SVC-01 Servicing LLC,2026-07-27,ENCOMPASS,P-2023-C,refi
LN-000148,B-00024,Fixed,Home improvement,06/11/2019,06/11/2049,"$675,500.00",456009.41,0.03974,360,3214.82,Current,0,2026-06-07,MO,43348,800,A-,10+ years,<50k,1016000,SVC-01,SVC-01 Servicing LLC,2026-07-17,LEGACY-AS400,P-2024-B,modified 2023
LN-000149,B-00367,Fixed Rate,Refinance,01/25/2022,01/25/2029,"$93,000.00","(68,036.83)",0.07774,84,1439.07,Current,0,2026-07-27,NC,59458,786,C+,1 year,250k+,125000,SVC-05,SVC-05 Servicing LLC,2026-07-29,FISERV,P-2024-A,
LN-000150,B-00177,Fixed Rate,Cash-out refi,01/22/2016,01/22/2026,"$150,500.00",94021.74,0.04910,120,1675.89,Current,0,2026-06-17,GA,57457,,B,3 years,150-250k,206000,SVC-06,SVC-06 Servicing LLC,2026-07-17,LEGACY-AS400,P-2023-C,modified 2023
,B-00164,HELOC,Home improvement,09/02/2016,02/09/2021,"$737,500.00",685432.10,0.06680,60,14492.30,Current,0,2026-07-05,FL,57188,670,B,10+ years,50-75k,1140000,SVC-02,SVC-02 Servicing LLC,2026-07-15,SHAWBROOK,P-2024-B,see servicing file
LN-000152,B-00469,ARM,Home improvement,11/08/2017,11/08/2032,"$655,000.00",335771.18,0.04606,180,5046.26,Current,0,2026-06-27,NC,32374,716,C,7 years,50-75k,933000,SVC-06,SVC-06 Servicing LLC,2026-07-27,FISERV,P-2024-A,
LN-000153,B-00442,Fixed,Purchase,03/19/2016,03/19/2046,"$612,500.00","$561,265.20",0.04582,360,3133.36,Current,0,2026-06-20,WI,40373,662,B+,7 years,150-250k,839000,SVC-02,SVC-02 Servicing LLC,2026-07-29,LEGACY-AS400,P-2023-C,
LN-000154,B-00261,Fixed Rate,Cash-out refi,06/18/2021,06/18/2036,"$294,500.00",230663.32,0.06839,180,2620.61,Delinquent,30,2026-06-15,FL,63711,,B+,10+ years,250k+,394000,SVC-01,SVC-01 Servicing LLC,2026-07-28,SHAWBROOK,P-2024-B,escrow waived
LN-000155,B-00376,HELOC,Cash-out refi,05/17/2015,05/17/2030,"$81,500.00",63141.82,0.06576,180,713.36,Current,0,2026-07-17,IL,92562,649,A-,3 years,150-250k,125000,SVC-03,SVC-03 Servicing LLC,2026-07-22,FISERV,P-2024-B,refi
LN-000156,B-00040,Fixed Rate,Debt consolidation,11/07/2016,11/07/2023,"$80,000.00",49820.17,0.04335,84,1105.88,Current,0,2026-06-17,FL,51859,601,B-,2 years,250k+,126000,SVC-04,SVC-04 Servicing LLC,2026-07-10,LEGACY-AS400,P-2024-B,see servicing file
LN-000157,B-00309,Fixed Rate,Purchase,06/15/2022,06/15/2052,"$703,500.00",607039.81,0.05433,360,3964.87,Default,120,2026-07-17,OH,82128,664,C,1 year,50-75k,868000,SVC-05,SVC-05 Servicing LLC,2026-07-27,SHAWBROOK,P-2024-A,escrow waived
LN-000158,B-00318,Fixed,Refinance,22/10/2015,10/22/2020,"$61,500.00",34277.94,0.07527,60,1233.12,Current,0,2026-07-06,WI,5223,,B,10+ years,150-250k,68000,SVC-05,SVC-05 Servicing LLC,2026-07-10,BLACKKNIGHT,P-2024-A,
LN-000159,B-00253,Adjustable Rate,Debt consolidation,05/27/2019,05/27/2029,"$798,500.00",706734.05,0.05827,120,8795.78,Current,0,2026-06-19,GA,02400,639,B+,5 years,50-75k,1245000,SVC-02,SVC-02 Servicing LLC,2026-07-30,LEGACY-AS400,P-2024-B,see servicing file
LN-000160,B-00285,Fixed Rate,Refinance,10/10/2024,10/10/2039,"$318,500.00",160800.93,0.06679,180,2805.91,Current,75,2026-07-01,FL,83443,659,B,1 year,100-150k,423000,SVC-05,SVC-05 Servicing LLC,2026-07-20,ENCOMPASS,P-2024-B,escrow waived
LN-000161,B-00454,Adjustable Rate,Purchase,10/04/2021,10/04/2051,"$602,000.00","$366,807.43",0.05703,360,3495.16,Current,0,2026-07-02,IL,92455,599,A-,10+ years,150-250k,740000,SVC-06,SVC-06 Servicing LLC,2026-07-30,SHAWBROOK,P-2023-C,
LN-000162,B-00279,Fixed,Purchase,01/24/2020,01/24/2050,"$728,000.00",776643.34,0.06573,360,4636.46,Current,0,2026-06-04,NC,22407,,A-,2 years,<50k,869000,SVC-06,SVC-06 Servicing LLC,2026-07-18,LEGACY-AS400,P-2023-C,
LN-000163,B-00380,Personal,Refinance,11/28/2017,11/28/2047,"$738,500.00",349984.42,0.04240,360,3628.65,Current,0,2025-10-19,WA,57859,707,B+,5 years,250k+,1061000,SVC-05,SVC-05 Servicing LLC,2025-11-13,BLACKKNIGHT,P-2024-A,
LN-000164,B-00336,Fixed,Cash-out refi,04/03/2024,04/03/2039,"$107,500.00",85773.59,0.05351,180,869.89,Current,0,2026-06-05,NJ,34357,797,B,1 year,250k+,124000,SVC-06,SVC-06 Servicing LLC,2026-07-08,FISERV,P-2023-C,
LN-000165,B-00427,Adjustable Rate,Home improvement,05/06/2015,06/05/2045,"$332,500.00",197204.07,0.06985,360,2208.78,Current,0,2026-07-25,MD,56826,706,B+,1 year,75-100k,369000,SVC-05,SVC-05 Servicing LLC,2026-07-28,ENCOMPASS,P-2024-B,refi
LN-000166,B-00335,Auto,Cash-out refi,05/28/2015,05/28/2020,"$431,500.00",397938.06,0.04798,60,8103.06,Current,0,2026-07-07,MA,61236,,A,3 years,150-250k,688000,SVC-04,SVC-04 Servicing LLC,2026-07-20,SHAWBROOK,P-2024-A,refi
LN-000167,B-00182,Fixed,Home improvement,11/03/2024,47425,"$699,500.00",341050.71,0.07026,60,13859.52,Current,0,2026-07-08,PA,11745,722,C,2 years,<50k,1087000,SVC-05,SVC-05 Servicing LLC,2026-07-24,FISERV,P-2023-C,modified 2023
LN-000168,B-00294,Fixed Rate,Debt consolidation,09/27/2023,09/27/2043,"$273,000.00",197113.83,0.07712,240,2234.79,Current,0,2026-07-27,WI,70180,621,C,5 years,<50k,347000,SVC-01,SVC-01 Servicing LLC,2026-07-30,ENCOMPASS,P-2024-A,escrow waived
LN-000169,B-00227,Adjustable Rate,Purchase,01/09/2017,01/09/2037,"$433,500.00","$375,003.36",5.125,240,2890.93,Current,0,2026-06-26,MI,47870,587,C,< 1 year,100-150k,664000,SVC-02,SVC-02 Servicing LLC,2026-07-17,ENCOMPASS,P-2024-B,escrow waived
LN-000170,B-00153,Fixed,Cash-out refi,05/19/2016,05/19/2046,"$465,000.00",440691.50,0.07273,360,3179.38,Current,0,2026-07-16,AZ,54865,,C+,3 years,150-250k,635000,SVC-06,SVC-06 Servicing LLC,2026-07-18,SHAWBROOK,P-2024-B,
LN-000171,B-00210,ARM,Refinance,02/25/2022,02/25/2037,"$629,500.00",559146.31,0.05599,180,5176.67,Current,0,2026-06-03,AZ,80854,660,B-,5 years,50-75k,766000,SVC-03,SVC-03 Servicing LLC,2026-07-06,SHAWBROOK,P-2024-A,see servicing file
LN-000172,B-00199,Personal,Home improvement,21/08/2022,08/21/2042,"$479,500.00",296868.81,0.08166,240,4060.41,Current,0,2026-06-14,TN,94074,1200,B-,< 1 year,250k+,668000,SVC-04,SVC-04 Servicing LLC,2026-07-20,ENCOMPASS,P-2024-A,modified 2023
LN-000173,B-00243,Fixed Rate,Refinance,31/09/2021,11/24/2028,"$533,000.00",269110.06,0.07247,120,6256.65,Default,120,2026-06-18,TN,18712,667,B+,3 years,75-100k,627000,SVC-04,SVC-04 Servicing LLC,2026-07-21,ENCOMPASS,P-2024-A,
LN-000174,B-00431,ARM,Cash-out refi,06/10/2015,06/10/2030,"$621,000.00",336270.17,0.06608,180,5446.51,Current,0,2026-06-20,CA,22518,,A-,3 years,250k+,893000,SVC-06,SVC-06 Servicing LLC,2026-07-06,SHAWBROOK,P-2023-C,escrow waived
LN-000175,B-00168,ARM,Home improvement,11/21/2018,11/21/2025,"$196,500.00",165946.98,0.05137,84,2789.98,Current,0,2026-07-02,N/A,6829,802,C,7 years,150-250k,240000,SVC-06,SVC-06 Servicing LLC,2026-07-19,SHAWBROOK,P-2024-B,
LN-000176,B-00432,Fixed Rate,Cash-out refi,01/25/2023,01/25/2043,"$138,500.00",78405.75,0.05547,240,1060.63,Delinquent,60,2026-06-29,MO,75027,789,C+,< 1 year,50-75k,209000,SVC-03,SVC-03 Servicing LLC,2026-07-30,SHAWBROOK,P-2023-C,see servicing file
LN-000177,B-00447,ARM,Cash-out refi,11/18/2023,11/18/2053,"$798,500.00","$408,562.87",0.04153,360,3882.93,Current,0,2026-06-22,PA,69513,712,B,5 years,50-75k,1149000,SVC-06,SVC-06 Servicing LLC,2026-07-29,SHAWBROOK,P-2024-A,
LN-000178,B-00356,Fixed Rate,Home improvement,04/24/2016,04/24/2026,"$604,500.00",376838.76,0.08146,120,7380.97,Current,0,2026-06-26,WA,86148,,A,10+ years,100-150k,910000,SVC-01,SVC-01 Servicing LLC,2026-07-06,FISERV,P-2024-A,
LN-000179,B-00398,Adjustable Rate,Purchase,15/06/2016,06/15/2023,"$795,000.00",645245.28,0.06284,600,11722.34,Current,75,2026-06-14,PA,23139,667,A-,2 years,<50k,1156000,SVC-01,SVC-01 Servicing LLC,2026-07-21,SHAWBROOK,P-2024-B,escrow waived
LN-000180,B-00248,HELOC,Home improvement,10/03/2021,10/03/2026,"$361,500.00",172958.39,0.05450,60,6896.73,Delinquent,45,2026-06-26,MI,72980,597,C,2 years,150-250k,458000,SVC-01,SVC-01 Servicing LLC,2026-07-14,SHAWBROOK,P-2024-A,
LN-000181,B-00325,Fixed Rate,Home improvement,07/05/2018,07/05/2048,"$442,500.00",295498.39,0.06792,360,2882.41,Current,0,2026-06-19,NC,56549,707,A-,5 years,50-75k,675000,SVC-03,SVC-03 Servicing LLC,2026-07-29,FISERV,P-2024-A,modified 2023
LN-000182,B-00035,HELOC,Home improvement,01/27/2024,01/27/2054,"$463,500.00",227040.36,0.06495,360,2928.11,Delinquent,60,2026-07-18,MI,29120,,C,< 1 year,150-250k,537000,SVC-05,SVC-05 Servicing LLC,2026-07-25,FISERV,P-2024-A,
LN-000183,B-00242,Fixed Rate,Home improvement,05/11/2023,05/11/2028,"$244,500.00",TBD,0.05362,60,4654.68,Paid Off,0,2026-07-12,NY,-----,658,B-,5 years,250k+,379000,SVC-05,SVC-05 Servicing LLC,2026-07-17,ENCOMPASS,P-2024-A,modified 2023
LN-000184,B-00204,Fixed,Purchase,06/19/2016,06/19/2026,"$462,000.00",358944.02,0.04946,120,4888.04,Current,0,2026-06-13,PA,68318,683,A,1 year,<50k,736000,SVC-02,SVC-02 Servicing LLC,2026-07-13,ENCOMPASS,P-2024-B,
LN-000185,B-00196,Auto,Home improvement,05/08/2020,05/08/2035,"$650,000.00","$337,231.01",0.06525,180,5671.13,Current,0,2026-06-27,WI,68123,771,A-,2 years,75-100k,891000,SVC-04,SVC-04 Servicing LLC,2026-07-28,FISERV,P-2024-B,escrow waived
LN-000186,B-00281,Fixed,Debt consolidation,03/06/2024,06/03/2054,"$204,500.00",169311.48,0.06270,360,1261.80,Current,0,2026-06-24,PA,85035,,A-,3 years,150-250k,250000,SVC-06,SVC-06 Servicing LLC,2026-07-29,FISERV,P-2024-B,
LN-000187,B-00008,Fixed,Home improvement,06/13/2015,06/13/2022,"$148,500.00",89729.44,0.06577,84,2210.68,Current,0,2026-06-22,PA,53166,668,A-,10+ years,<50k,219000,SVC-02,SVC-02 Servicing LLC,2026-07-11,FISERV,P-2023-C,modified 2023
LN-000188,B-00338,Fixed,Purchase,01/24/2022,01/24/2052,"$849,000.00",450600.09,0.07431,360,5896.27,Current,0,2026-07-20,NJ,37444,802,A-,10+ years,50-75k,1119000,SVC-04,SVC-04 Servicing LLC,2026-07-24,ENCOMPASS,P-2024-B,refi
LN-000189,B-00139,Auto,Home improvement,04/06/2016,04/06/2046,"$688,500.00",584555.34,0.06704,360,4444.57,Delinquent,45,2026-07-16,MI,88287,792,B+,7 years,<50k,833000,SVC-05,SVC-05 Servicing LLC,2026-07-28,LEGACY-AS400,P-2024-B,see servicing file
LN-000190,B-00223,Auto,Home improvement,11/11/2020,51451,"$545,000.00",514898.62,0.05074,240,3619.08,Current,0,2026-06-14,MA,35005,,B+,3 years,150-250k,622000,SVC-04,SVC-04 Servicing LLC,2026-07-28,ENCOMPASS,P-2023-C,
LN-000191,B-00256,Fixed Rate,Cash-out refi,10/26/2015,10/26/2022,"$781,000.00",561560.74,0.07062,84,11811.07,Current,0,2026-07-02,TN,24441,636,A-,10+ years,150-250k,1091000,SVC-04,SVC-04 Servicing LLC,2026-07-22,LEGACY-AS400,P-2024-A,
LN-000192,B-00103,HELOC,Purchase,10/01/2021,10/01/2036,"$204,500.00",113933.12,0.04887,180,1605.16,Current,0,2026-06-28,FL,9051,748,C+,7 years,100-150k,265000,SVC-05,SVC-05 Servicing LLC,2026-07-18,BLACKKNIGHT,P-2024-A,see servicing file
LN-000193,B-00424,HELOC,Home improvement,04/07/2024,07/04/2034,"$843,000.00","$405,325.61",0.07051,120,9810.12,Delinquent,30,2026-07-04,NJ,83036,679,B,< 1 year,150-250k,1092000,SVC-05,SVC-05 Servicing LLC,2026-07-24,LEGACY-AS400,P-2023-C,
LN-000194,B-00178,Auto,Debt consolidation,12/01/2024,12/01/2034,"$560,500.00",516742.43,0.07171,120,6557.39,Default,90,2026-06-21,IN,19253,,C,10+ years,150-250k,778000,SVC-01,SVC-01 Servicing LLC,2026-07-25,BLACKKNIGHT,P-2024-B,modified 2023
LN-000195,B-00397,Personal,Debt consolidation,04/26/2018,04/26/2033,"$114,500.00",52164.73,0.06553,180,1000.76,Current,0,2026-07-08,NY,59076,620,C,5 years,150-250k,182000,SVC-05,SVC-05 Servicing LLC,2026-07-23,FISERV,P-2024-B,modified 2023
LN-000196,B-00208,Auto,Purchase,11/22/2018,11/22/2028,"$291,500.00",227498.30,0.05679,120,3189.46,Current,0,2026-06-26,VA,82765,705,A,10+ years,250k+,365000,SVC-01,SVC-01 Servicing LLC,2026-07-21,SHAWBROOK,P-2024-B,
LN-000197,B-00373,Fixed,Cash-out refi,10/09/2015,10/09/2030,"$812,500.00",768071.62,0.03768,180,5915.94,Current,0,2026-06-22,GA,38127,802,B,3 years,150-250k,1079000,SVC-05,SVC-05 Servicing LLC,2026-07-07,FISERV,P-2024-B,
LN-000198,B-00367,ARM,Home improvement,08/22/2023,08/22/2038,"$704,000.00",399208.39,0.04286,180,5308.88,Current,75,2026-06-28,AZ,99623,,B,10+ years,150-250k,1118000,SVC-01,SVC-01 Servicing LLC,2026-07-17,SHAWBROOK,P-2024-B,refi
LN-000199,B-00217,HELOC,Refinance,01/12/2022,01/12/2032,"$151,000.00",175332.62,0.04919,120,1595.62,Current,0,2026-07-08,CA,45368,584,A-,5 years,100-150k,167000,SVC-05,SVC-05 Servicing LLC,2026-07-08,LEGACY-AS400,P-2024-B,
LN-000200,B-00209,ARM,Refinance,14/06/2023,06/14/2053,"$372,500.00",337120.97,0.07784,360,2677.39,Current,0,2026-07-14,OH,80503,623,B,3 years,100-150k,483000,SVC-01,SVC-01 Servicing LLC,2026-07-30,SHAWBROOK,P-2024-B,escrow waived
LN-000201,B-00263,Adjustable Rate,Cash-out refi,11/06/2018,11/06/2048,"$356,000.00","$234,096.89",0.07490,360,2486.77,Current,-10,2026-06-13,IN,36104,679,B,1 year,<50k,399000,SVC-06,SVC-06 Servicing LLC,2026-07-15,LEGACY-AS400,P-2024-B,
LN-000202,B-00021,Personal,Home improvement,07/16/2022,07/16/2029,"$477,000.00",294283.99,0.03974,84,6934.58,Current,0,2026-01-20,PA,89383,,C,3 years,100-150k,723000,SVC-04,SVC-04 Servicing LLC,2026-02-16,ENCOMPASS,P-2023-C,
LN-000203,B-00317,ARM,Debt consolidation,07/11/2019,07/11/2049,"$439,000.00",324161.87,0.04284,360,2168.36,Current,0,2026-06-15,MA,59250,710,B+,3 years,250k+,579000,SVC-02,SVC-02 Servicing LLC,2026-07-17,ENCOMPASS,P-2024-A,modified 2023
LN-000204,B-00244,Personal,Home improvement,08/23/2021,08/23/2051,"$466,500.00",385488.08,0.04705,360,2420.85,Current,0,2026-07-18,TN,51650,621,C,2 years,150-250k,567000,SVC-06,SVC-06 Servicing LLC,2026-07-30,BLACKKNIGHT,P-2024-A,escrow waived
LN-000205,B-00378,ARM,Home improvement,10/27/2024,10/27/2054,"$713,500.00",658094.17,0.07871,360,5171.39,Current,0,2026-06-15,GA,29716,630,B-,< 1 year,75-100k,1112000,SVC-06,SVC-06 Servicing LLC,2026-07-08,LEGACY-AS400,P-2024-B,
LN-000206,B-00179,Personal,Cash-out refi,10/13/2024,10/13/2054,"$660,500.00",445039.82,0.03966,360,3140.40,Current,0,2026-06-30,CA,41961,,A-,5 years,75-100k,1002000,SVC-06,SVC-06 Servicing LLC,2026-07-10,LEGACY-AS400,P-2024-A,escrow waived
LN-000207,B-00330,HELOC,Debt consolidation,06/10/2023,10/06/2030,"$84,000.00",79485.69,0.07646,84,1294.48,Delinquent,30,2026-07-23,MI,84182,640,C+,5 years,150-250k,107000,SVC-01,SVC-01 Servicing LLC,2026-07-23,FISERV,P-2024-A,escrow waived
LN-000208,B-00400,Personal,Cash-out refi,05/19/2020,05/19/2050,"$828,500.00",491145.04,0.04220,360,4061.18,Current,0,2026-07-02,Ontario,76209,618,B+,7 years,75-100k,1322000,SVC-02,SVC-02 Servicing LLC,2026-07-07,SHAWBROOK,P-2024-A,
LN-000209,B-00049,HELOC,Refinance,12/12/2022,12/12/2052,"$280,500.00","$217,402.31",0.05986,360,1679.22,Current,0,2026-07-04,FL,9356,677,C,10+ years,<50k,344000,SVC-06,SVC-06 Servicing LLC,2026-07-31,LEGACY-AS400,P-2024-A,modified 2023
LN-000210,B-00307,Adjustable Rate,Home improvement,09/18/2016,09/18/2021,"$572,000.00",374143.61,0.03892,60,10506.40,Current,0,2026-06-01,NC,12494,,B,3 years,150-250k,774000,SVC-03,SVC-03 Servicing LLC,2026-07-13,LEGACY-AS400,P-2024-B,modified 2023
LN-000211,B-00031,Adjustable Rate,Cash-out refi,06/08/2022,06/08/2029,"$688,500.00",360773.77,0.04538,84,9582.43,Current,0,2026-07-11,VA,75530,793,C+,7 years,150-250k,867000,SVC-05,SVC-05 Servicing LLC,2026-07-26,BLACKKNIGHT,P-2024-B,
LN-000212,B-00324,Auto,Home improvement,11/14/2054,11/14/2024,"$213,500.00",137639.87,0.06572,360,1359.59,Current,0,2026-06-22,IN,85996,721,B-,2 years,100-150k,318000,SVC-05,SVC-05 Servicing LLC,2026-07-07,LEGACY-AS400,P-2024-A,
LN-000213,B-00413,Fixed Rate,Home improvement,10/07/2015,44841,"$62,500.00",43470.31,0.07908,84,971.28,Current,0,2026-06-08,TN,26815,710,B,3 years,150-250k,72000,SVC-04,SVC-04 Servicing LLC,2026-07-16,SHAWBROOK,P-2024-A,refi
LN-000214,B-00161,Fixed Rate,Purchase,30/02/2022,11/21/2033,"$356,000.00",263242.38,0.05326,120,3832.91,Current,0,2026-06-24,GA,60775,,A,3 years,50-75k,554000,SVC-06,SVC-06 Servicing LLC,2026-07-24,ENCOMPASS,P-2024-A,
LN-000215,B-00063,HELOC,Refinance,04/18/2016,04/18/2031,"$841,500.00",718193.63,0.06089,180,7141.58,Current,0,2026-06-28,AZ,08302,625,B-,3 years,75-100k,1337000,SVC-01,SVC-01 Servicing LLC,2026-07-18,FISERV,P-2024-B,modified 2023
LN-000216,B-00174,Adjustable Rate,Cash-out refi,09/10/2020,09/10/2050,"$60,000.00",50834.16,0.05456,360,339.02,Current,0,2026-06-24,WA,69164,767,A-,2 years,100-150k,74000,SVC-01,SVC-01 Servicing LLC,2026-07-26,LEGACY-AS400,P-2024-B,modified 2023
LN-000217,B-00055,Auto,Home improvement,10/27/2024,10/27/2039,"$330,500.00","$221,244.36",0.05842,180,2760.81,Current,75,2026-07-05,MD,06079,658,B+,3 years,75-100k,381000,SVC-02,SVC-02 Servicing LLC,2026-07-13,LEGACY-AS400,P-2024-B,
LN-000218,B-00044,ARM,Cash-out refi,04/28/2024,04/28/2054,"$795,000.00",736431.43,0.08101,360,5889.50,Current,0,2026-07-05,IN,13351,,B-,7 years,<50k,1097000,SVC-01,SVC-01 Servicing LLC,2026-07-13,LEGACY-AS400,P-2023-C,
LN-000219,B-00343,Auto,Refinance,02/23/2016,02/23/2046,"$553,000.00",379385.26,0.05987,360,3310.89,Current,0,2026-06-12,MO,77063,766,B-,10+ years,150-250k,781000,SVC-03,SVC-03 Servicing LLC,2026-07-23,FISERV,P-2023-C,escrow waived
LN-000220,B-00300,Auto,Cash-out refi,12/18/2023,12/18/2033,"$279,000.00",126340.05,0.07638,120,3331.91,Current,0,2026-06-17,TX,71113,728,B-,2 years,50-75k,404000,SVC-01,SVC-01 Servicing LLC,2026-07-15,SHAWBROOK,P-2023-C,modified 2023
LN-000221,B-00284,Fixed,Refinance,04/06/2023,06/04/2053,"$843,000.00",686321.78,0.07915,360,6135.76,Current,0,2026-06-06,FL,10658,624,A,10+ years,75-100k,957000,SVC-04,SVC-04 Servicing LLC,2026-07-19,SHAWBROOK,P-2024-A,see servicing file
LN-000222,B-00327,Fixed Rate,Cash-out refi,06/11/2023,06/11/2053,"$839,500.00",778311.14,0.07448,360,5840.04,Current,0,2026-06-30,NC,78947,,C+,< 1 year,250k+,1310000,SVC-99,SVC-99 Servicing LLC,2026-07-27,FISERV,P-2023-C,refi
LN-000223,B-00134,Fixed,Purchase,05/27/2022,05/27/2052,"$123,500.00",61876.57,0.06853,360,809.49,Current,0,2026-06-07,IL,07688,653,B+,< 1 year,100-150k,147000,SVC-05,SVC-05 Servicing LLC,2026-07-20,BLACKKNIGHT,P-2024-A,see servicing file
LN-000224,B-00071,Fixed Rate,Purchase,08/07/2020,08/07/2050,"$488,500.00",238737.49,0.06045,360,2942.95,Current,0,2026-06-21,MO,77584,772,C+,10+ years,<50k,622000,SVC-05,SVC-05 Servicing LLC,2026-07-26,FISERV,P-2023-C,
LN-000225,B-00265,Auto,Home improvement,09/26/2021,09/26/2026,"$258,500.00","$142,962.66",0.06614,60,5071.66,Current,0,2026-06-22,OH,94666,593,A-,3 years,150-250k,378000,SVC-06,SVC-06 Servicing LLC,2026-07-15,BLACKKNIGHT,P-2023-C,escrow waived
LN-000226,B-00072,Auto,Cash-out refi,06/13/2021,06/13/2028,"$755,500.00",697301.54,0.05642,84,10907.56,Current,0,2026-07-21,IL,6535,,B+,10+ years,<50k,1102000,SVC-04,SVC-04 Servicing LLC,2026-07-26,BLACKKNIGHT,P-2023-C,
LN-000227,B-00174,ARM,Purchase,12/27/2023,12/27/2053,"$493,500.00",448298.89,0.06739,360,3197.22,Current,0,2026-07-31,PA,10424,802,C+,2 years,150-250k,614000,SVC-06,SVC-06 Servicing LLC,2026-07-31,SHAWBROOK,P-2023-C,
LN-000228,B-00410,ARM,Debt consolidation,24/02/2016,02/24/2046,"$504,000.00",355958.62,0.05323,360,3040.04,Current,0,2026-07-01,VA,27550,662,B+,1 year,75-100k,699000,SVC-03,SVC-03 Servicing LLC,2026-07-16,LEGACY-AS400,P-2024-B,
LN-000229,B-00333,ARM,Home improvement,01/10/2017,01/10/2047,"$301,500.00",258470.17,0.06605,360,1926.55,Default,120,2026-06-03,WI,69521,777,A,3 years,150-250k,382000,SVC-03,SVC-03 Servicing LLC,2026-07-06,SHAWBROOK,P-2024-B,
LN-000230,B-00312,Auto,Refinance,08/19/2017,08/19/2037,"$336,000.00",302862.02,0.05020,240,2221.17,Current,0,2026-07-02,WI,91552,,B-,2 years,75-100k,440000,SVC-01,SVC-01 Servicing LLC,2026-07-26,ENCOMPASS,P-2024-B,
LN-000231,B-00031,Adjustable Rate,Debt consolidation,11/16/2016,11/16/2046,"$194,500.00",173870.69,0.06492,360,1228.35,Current,0,2026-07-11,GA,20170,722,C,7 years,75-100k,266000,SVC-02,SVC-02 Servicing LLC,2026-07-11,SHAWBROOK,P-2024-B,
LN-000232,B-00305,Adjustable Rate,Refinance,08/09/2015,08/09/2045,"$153,000.00",107521.78,0.03957,360,726.66,Current,0,2026-07-08,TN,93270,671,A-,10+ years,<50k,190000,SVC-05,SVC-05 Servicing LLC,2026-07-09,BLACKKNIGHT,P-2024-B,refi
LN-000233,B-00093,Personal,Purchase,06/10/2023,06/10/2043,"$480,500.00","$384,021.66",0.05177,240,3218.26,Current,0,2026-07-08,GA,59744,800,A-,7 years,50-75k,533000,SVC-03,SVC-03 Servicing LLC,2026-07-26,BLACKKNIGHT,P-2024-A,
LN-000234,B-00011,Personal,Debt consolidation,01/01/1900,10/14/2054,"$136,500.00",103294.33,0.04471,360,689.28,Current,0,2026-06-10,New York,61127,,C,3 years,250k+,162000,SVC-04,SVC-04 Servicing LLC,2026-07-10,BLACKKNIGHT,P-2023-C,see servicing file
LN-000235,B-00137,Fixed,Refinance,05/05/2021,05/05/2051,"$86,000.00",65702.71,0.04444,360,432.89,Current,0,2026-06-17,FL,46892,748,C+,2 years,50-75k,122000,SVC-02,SVC-02 Servicing LLC,2026-07-10,BLACKKNIGHT,P-2024-A,see servicing file
LN-000236,B-00443,Personal,Home improvement,03/13/2024,49016,"$421,500.00",488216.72,0.07020,120,4898.32,Paid Off,30,2026-07-15,CA,19181,701,C+,10+ years,75-100k,673000,SVC-02,SVC-02 Servicing LLC,2026-07-30,LEGACY-AS400,P-2023-C,
LN-000237,B-00031,Fixed Rate,Home improvement,02/21/2015,02/21/2022,"$722,000.00",590562.54,0.07703,84,11146.71,Current,0,2026-07-02,FL,54847,728,C,7 years,250k+,939000,SVC-03,SVC-03 Servicing LLC,2026-07-26,SHAWBROOK,P-2023-C,see servicing file
LN-000238,B-00140,HELOC,Debt consolidation,08/19/2024,08/19/2044,"$122,500.00",69583.29,0.07220,240,965.99,Current,0,2026-06-19,MA,61477,,A-,1 year,150-250k,154000,SVC-03,SVC-03 Servicing LLC,2026-07-29,SHAWBROOK,P-2023-C,
LN-000239,B-00054,Adjustable Rate,Cash-out refi,10/03/2022,10/03/2032,"$670,000.00",401109.69,0.05667,120,7326.83,Current,0,2026-06-15,VA,82401,764,B+,3 years,100-150k,828000,SVC-05,SVC-05 Servicing LLC,2026-07-14,FISERV,P-2024-B,
LN-000240,B-00363,Auto,Purchase,12/21/2021,12/21/2051,"$733,000.00",441435.53,0.05925,360,4359.42,Current,0,2026-07-23,MD,56222,668,C+,3 years,50-75k,923000,SVC-05,SVC-05 Servicing LLC,2026-07-31,SHAWBROOK,P-2024-A,
LN-000241,B-00210,Fixed Rate,Cash-out refi,09/22/2018,09/22/2048,"$719,500.00","$381,704.26",0.06374,360,4488.27,Current,0,2025-07-12,--,05150,754,B,5 years,250k+,1034000,SVC-01,SVC-01 Servicing LLC,2025-08-18,LEGACY-AS400,P-2024-B,
LN-000242,B-00279,Adjustable Rate,Refinance,20/09/2022,09/20/2052,"$722,500.00",421738.56,0.07981,360,5291.88,Current,0,2026-06-08,WI,23548,,A,1 year,50-75k,825000,SVC-01,SVC-01 Servicing LLC,2026-07-13,SHAWBROOK,P-2024-A,
LN-000243,B-00400,Fixed,Cash-out refi,08/14/2022,08/14/2052,"$148,000.00",80111.73,0.05128,360,806.11,Current,0,2026-07-06,WA,7796,1200,A,2 years,100-150k,189000,SVC-03,SVC-03 Servicing LLC,2026-07-07,ENCOMPASS,P-2023-C,
LN-000244,B-00457,Fixed Rate,Home improvement,02/16/2019,02/16/2039,"$694,000.00",499535.50,0.05160,240,4641.66,Current,0,2026-06-12,IL,95858,740,C,7 years,50-75k,857000,SVC-03,SVC-03 Servicing LLC,2026-07-13,BLACKKNIGHT,P-2024-A,see servicing file
LN-000245,B-00198,Personal,Cash-out refi,06/02/2016,06/02/2046,"$749,500.00",609020.65,0.03844,360,3511.15,Current,0,2026-06-10,MA,22746,770,C,1 year,50-75k,876000,SVC-05,SVC-05 Servicing LLC,2026-07-06,BLACKKNIGHT,P-2024-B,
LN-000246,B-00442,HELOC,Cash-out refi,01/08/2022,01/08/2032,"$733,500.00",434860.89,0.07198,120,8591.60,Current,0,2026-06-25,OH,40172,,A-,3 years,<50k,940000,SVC-06,SVC-06 Servicing LLC,2026-07-13,FISERV,P-2024-A,refi
LN-000247,B-00437,Fixed Rate,Home improvement,07/04/2017,07/04/2032,"$704,500.00",578595.50,0.19750,180,6728.10,Current,0,2026-07-18,MI,63188,728,B-,1 year,100-150k,1123000,SVC-05,SVC-05 Servicing LLC,2026-07-20,LEGACY-AS400,P-2023-C,modified 2023
LN-000248,B-00301,ARM,Debt consolidation,11/07/2023,11/07/2030,"$93,000.00",84090.57,0.05576,84,1339.77,Current,0,2026-06-21,MI,33856,744,A-,3 years,75-100k,117000,SVC-06,SVC-06 Servicing LLC,2026-07-21,BLACKKNIGHT,P-2024-B,
LN-000249,B-00180,Personal,Refinance,18/08/2022,08/18/2027,"$332,000.00","$229,219.41",0.08034,60,6737.17,Current,0,2026-07-02,VA,82668,643,B+,7 years,50-75k,390000,SVC-03,SVC-03 Servicing LLC,2026-07-15,ENCOMPASS,P-2023-C,modified 2023
LN-000250,B-00335,Fixed Rate,Refinance,03/15/2022,03/15/2052,"$152,000.00",82485.75,0.04487,360,768.99,Delinquent,30,2026-05-27,WI,66390,,C+,3 years,<50k,242000,SVC-04,SVC-04 Servicing LLC,2026-07-06,SHAWBROOK,P-2024-A,
LN-000251,B-00041,Auto,Cash-out refi,07/20/2021,07/20/2031,"$314,500.00",190911.39,0.04290,120,3227.69,Current,0,2026-06-18,NJ,16415,678,B,2 years,150-250k,478000,SVC-04,SVC-04 Servicing LLC,2026-07-23,BLACKKNIGHT,P-2024-B,
LN-000252,B-00424,Auto,Debt consolidation,03/07/2022,03/07/2042,"$50,500.00",34499.68,0.06505,240,376.66,Current,0,2026-07-08,MA,97885,597,C+,3 years,75-100k,58000,SVC-02,SVC-02 Servicing LLC,2026-07-22,ENCOMPASS,P-2023-C,
LN-000253,B-00096,Auto,Cash-out refi,08/10/2018,08/10/2025,"$166,000.00",132178.82,0.03832,84,2256.21,Current,0,2026-06-14,NY,72923,757,B+,2 years,<50k,183000,SVC-04,SVC-04 Servicing LLC,2026-07-14,FISERV,P-2024-B,modified 2023
LN-000254,B-00206,Auto,Refinance,03/16/2016,03/16/2046,"$569,000.00",318786.16,0.07230,360,4221.78,Current,0,2026-07-02,PA,63231,,C+,2 years,250k+,663000,SVC-01,SVC-01 Servicing LLC,2026-07-10,ENCOMPASS,P-2023-C,
LN-000255,B-00285,HELOC,Home improvement,31/04/2023,03/22/2052,"$326,500.00",255413.28,0.07235,360,2223.98,Current,60,2026-07-01,NC,98044,764,A-,< 1 year,150-250k,440000,SVC-06,SVC-06 Servicing LLC,2026-07-23,SHAWBROOK,P-2024-A,
LN-000256,B-00022,Fixed,Refinance,03/10/2021,10/03/2028,"$167,000.00",118181.62,0.05404,84,2392.19,Default,120,2026-06-14,PA,82637,692,B+,3 years,50-75k,260000,SVC-03,SVC-03 Servicing LLC,2026-07-20,BLACKKNIGHT,P-2024-B,
,B-00333,HELOC,Debt consolidation,06/18/2022,06/18/2052,"$671,500.00","$258,044.03",0.04390,360,2520.86,Current,0,2026-05-28,PA,62663,637,C,3 years,75-100k,578000,SVC-02,SVC-02 Servicing LLC,2026-07-10,FISERV,P-2024-B,refi
LN-000258,B-00189,Personal,Refinance,04/22/2017,n/a,"$486,000.00",341568.32,0.03875,60,8923.04,Current,0,2026-06-11,IL,68385,,B,3 years,<50k,755000,SVC-03,SVC-03 Servicing LLC,2026-07-07,SHAWBROOK,P-2023-C,
LN-000259,B-00397,Adjustable Rate,Purchase,03/25/2017,53776,"$329,000.00",181528.70,0.04103,360,1590.30,Current,0,2026-06-16,VA,20248,744,B,2 years,50-75k,473000,SVC-03,SVC-03 Servicing LLC,2026-07-07,SHAWBROOK,P-2024-B,
LN-000260,B-00115,Personal,Refinance,07/01/2023,07/01/2053,"$423,000.00",401228.10,0.05114,360,2300.32,Current,0,2026-06-20,FL,2462,598,B+,7 years,250k+,531000,SVC-05,SVC-05 Servicing LLC,2026-07-27,ENCOMPASS,P-2024-B,refi
LN-000261,B-00279,HELOC,Cash-out refi,08/06/2023,08/06/2033,"$322,500.00",167292.75,0.05287,120,3466.03,Current,0,2026-06-28,MO,88793,640,B,5 years,150-250k,366000,SVC-02,SVC-02 Servicing LLC,2026-07-26,BLACKKNIGHT,P-2023-C,see servicing file
LN-000262,B-00427,ARM,Home improvement,12/24/2015,12/24/2025,"$172,000.00",104770.02,0.07363,120,2029.39,Current,0,2026-06-28,MO,57650,,A-,10+ years,100-150k,219000,SVC-02,SVC-02 Servicing LLC,2026-07-26,FISERV,P-2024-B,refi
LN-000263,B-00414,Personal,Purchase,06/04/2015,04/06/2025,"$737,000.00",661447.54,0.03756,120,7376.60,Current,0,2026-06-07,GA,44826,673,B+,2 years,50-75k,892000,SVC-02,SVC-02 Servicing LLC,2026-07-14,SHAWBROOK,P-2024-A,
,B-00272,ARM,Home improvement,02/19/2024,02/19/2031,"$170,500.00",159511.99,0.06524,84,2533.81,Current,0,2026-06-25,TX,15644,621,B-,5 years,50-75k,248000,SVC-03,SVC-03 Servicing LLC,2026-07-15,FISERV,P-2024-A,
LN-000265,B-00427,Personal,Purchase,04/05/2020,04/05/2050,"$735,500.00","$523,568.77",0.04980,360,3939.34,Current,0,2026-06-19,OH,73699,594,C,< 1 year,<50k,1069000,SVC-03,SVC-03 Servicing LLC,2026-07-09,FISERV,P-2024-A,
LN-000266,B-00241,Adjustable Rate,Home improvement,01/28/2021,01/28/2041,"$221,000.00",120569.16,0.06078,240,1593.27,Current,0,2026-07-01,TX,86000,,B,5 years,<50k,280000,SVC-06,SVC-06 Servicing LLC,2026-07-24,LEGACY-AS400,P-2024-A,
LN-000267,B-00081,Fixed,Debt consolidation,12/09/2021,12/09/2031,"$598,500.00",561651.46,0.04339,120,6156.41,Current,0,2026-07-03,California,19592,597,B+,7 years,150-250k,816000,SVC-04,SVC-04 Servicing LLC,2026-07-21,BLACKKNIGHT,P-2023-C,
LN-000268,B-00074,Personal,Cash-out refi,02/21/2024,02/21/2034,"$53,500.00",42780.70,0.05108,120,570.28,Current,0,2026-06-13,CA,74274,608,C,1 year,50-75k,82000,SVC-02,SVC-02 Servicing LLC,2026-07-27,LEGACY-AS400,P-2023-C,
LN-000269,B-00137,Auto,Cash-out refi,05/01/2019,05/01/2029,"$309,000.00",173220.78,0.03823,120,3102.55,Current,0,2026-07-24,WA,96266,809,A-,1 year,100-150k,450000,SVC-03,SVC-03 Servicing LLC,2026-07-24,LEGACY-AS400,P-2024-A,
LN-000270,B-00061,Fixed Rate,Cash-out refi,25/03/2015,03/25/2045,"$660,500.00",368438.12,0.03947,360,3133.18,Current,0,2026-05-28,TX,83905,,A-,7 years,75-100k,734000,SVC-04,SVC-04 Servicing LLC,2026-07-09,SHAWBROOK,P-2024-A,see servicing file
LN-000271,B-00145,Fixed,Home improvement,04/11/2018,04/11/2028,"$445,000.00",278894.97,0.07244,120,5222.96,Current,0,2026-05-30,WI,12533,707,C+,2 years,75-100k,523000,SVC-02,SVC-02 Servicing LLC,2026-07-08,SHAWBROOK,P-2024-B,see servicing file
LN-000272,B-00298,Personal,Home improvement,11/24/2022,11/24/2052,"$407,000.00",275357.94,0.06845,360,2665.55,Current,0,2026-07-20,TX,52451,728,A-,7 years,75-100k,587000,SVC-01,SVC-01 Servicing LLC,2026-07-25,SHAWBROOK,P-2023-C,
LN-000273,B-00299,HELOC,Home improvement,11/26/2022,11/26/2052,"$681,000.00","$735,362.16",0.07657,360,4835.08,Delinquent,60,2026-07-07,PA,84486,709,C+,2 years,150-250k,909000,SVC-05,SVC-05 Servicing LLC,2026-07-30,FISERV,P-2024-A,see servicing file
LN-000274,B-00343,Auto,Refinance,10/24/2023,10/24/2028,"$308,000.00",163095.33,0.07363,60,6151.66,Current,30,2026-07-14,Unknown,89693,,B+,< 1 year,50-75k,424000,SVC-04,SVC-04 Servicing LLC,2026-07-27,FISERV,P-2024-B,see servicing file
LN-000275,B-00033,Personal,Purchase,05/01/2021,05/01/2051,"$427,000.00",404194.83,0.05588,360,2448.09,Current,0,2026-07-09,MI,93488,791,A,10+ years,100-150k,613000,SVC-01,SVC-01 Servicing LLC,2026-07-13,SHAWBROOK,P-2024-A,
LN-000276,B-00049,HELOC,Cash-out refi,12/11/2016,12/11/2023,"$744,500.00",361584.62,0.06425,84,11028.39,Current,0,2026-07-13,CA,47243,744,A,2 years,250k+,1105000,SVC-03,SVC-03 Servicing LLC,2026-07-21,LEGACY-AS400,P-2023-C,
LN-000277,B-00165,ARM,Cash-out refi,15/06/2024,06/15/2034,"$371,000.00",190863.51,0.07071,120,4321.21,Current,0,2026-07-08,CA,6898,605,B,2 years,50-75k,573000,SVC-03,SVC-03 Servicing LLC,2026-07-17,ENCOMPASS,P-2023-C,
LN-000278,B-00350,Personal,Cash-out refi,09/11/2021,09/11/2051,"$497,500.00",445854.87,0.06171,360,3037.68,Current,0,2026-07-11,GA,22732,,A,2 years,100-150k,762000,SVC-05,SVC-05 Servicing LLC,2026-07-26,LEGACY-AS400,P-2024-B,
LN-000200,B-00463,Fixed Rate,Cash-out refi,12/18/2017,12/18/2024,"$513,000.00",261858.60,0.05976,84,7488.29,Current,0,2026-06-19,PA,59830,687,C+,5 years,150-250k,629000,SVC-05,SVC-05 Servicing LLC,2026-07-24,LEGACY-AS400,P-2023-C,see servicing file
LN-000280,B-00050,Fixed Rate,Purchase,06/09/2019,06/09/2034,"$53,500.00",50771.28,0.04060,180,420.74,Current,0,2026-01-09,AZ,67151,665,C,5 years,150-250k,68000,SVC-06,SVC-06 Servicing LLC,2026-02-17,FISERV,P-2024-B,refi
LN-000281,B-00357,Fixed Rate,Refinance,07/03/2017,07/03/2047,"$650,000.00","$437,320.97",0.06062,360,3923.03,Current,0,2026-06-30,GA,76027,643,C,< 1 year,150-250k,909000,SVC-05,SVC-05 Servicing LLC,2026-07-25,LEGACY-AS400,P-2024-B,modified 2023
LN-000282,B-00146,Auto,Home improvement,08/19/2018,54289,"$132,000.00",83274.71,0.06267,360,814.21,Current,0,2026-05-31,CA,57602,,A-,10+ years,75-100k,203000,SVC-04,SVC-04 Servicing LLC,2026-07-08,ENCOMPASS,P-2023-C,
LN-000283,B-00109,Personal,Purchase,06/14/2018,06/14/2048,"$752,000.00",444357.09,0.04457,360,3791.08,Default,90,2026-06-23,WA,03532,736,B-,10+ years,50-75k,903000,SVC-02,SVC-02 Servicing LLC,2026-07-09,BLACKKNIGHT,P-2024-A,see servicing file
LN-000284,B-00188,Personal,Home improvement,20/01/2021,01/20/2051,"$379,500.00",258027.09,0.07822,360,2737.69,Current,0,2026-06-18,MO,82664,729,B+,2 years,75-100k,575000,SVC-02,SVC-02 Servicing LLC,2026-07-24,FISERV,P-2024-B,
LN-000285,B-00273,Fixed Rate,Purchase,04/20/2016,04/20/2046,"$292,000.00",133333.36,0.06210,360,1790.30,Default,90,2026-06-06,TX,59478,606,C,5 years,75-100k,371000,SVC-04,SVC-04 Servicing LLC,2026-07-20,SHAWBROOK,P-2023-C,
LN-000286,B-00025,Fixed Rate,Home improvement,03/22/2019,03/22/2024,"$613,500.00","(334,490.62)",0.06807,60,12092.25,Current,0,2026-07-11,GA,05513,,A,2 years,150-250k,918000,SVC-03,SVC-03 Servicing LLC,2026-07-13,SHAWBROOK,P-2024-A,
LN-000287,B-00080,Fixed Rate,Cash-out refi,11/01/2018,11/01/2048,"$561,000.00",352429.33,0.07128,360,3780.70,Current,0,2026-07-16,NC,09340,790,C+,5 years,75-100k,812000,SVC-02,SVC-02 Servicing LLC,2026-07-19,FISERV,P-2023-C,escrow waived
LN-000288,B-00375,Personal,Refinance,07/13/2024,07/13/2054,"$410,000.00",188318.66,0.07659,360,2911.55,Current,0,2026-06-08,MA,78970,742,B+,3 years,150-250k,598000,SVC-06,SVC-06 Servicing LLC,2026-07-18,LEGACY-AS400,P-2023-C,
LN-000289,B-00056,Adjustable Rate,Refinance,09/23/2019,09/23/2029,"$764,000.00","$429,935.58",0.06742,120,8769.43,Paid Off,0,2026-07-14,NC,26950,635,B+,5 years,100-150k,1213000,SVC-02,SVC-02 Servicing LLC,2026-07-27,BLACKKNIGHT,P-2024-A,
LN-000290,B-00409,Adjustable Rate,Home improvement,02/23/2024,02/23/2039,"$92,500.00",70207.35,0.07205,180,842.05,Current,0,2026-06-22,IN,94695,,A,5 years,150-250k,119000,SVC-04,SVC-04 Servicing LLC,2026-07-18,SHAWBROOK,P-2024-B,modified 2023
LN-000291,B-00120,Fixed Rate,Cash-out refi,03/02/2018,02/03/2033,"$734,500.00",487473.28,0.05134,180,5859.78,Current,0,2026-07-07,FL,65771,761,B+,7 years,75-100k,1014000,SVC-04,SVC-04 Servicing LLC,2026-07-22,FISERV,P-2024-A,escrow waived
LN-000292,B-00229,Auto,Purchase,05/26/2017,05/26/2022,"$569,000.00",435559.45,0.05468,60,10860.16,Current,0,2026-05-26,OH,80306,765,A-,2 years,150-250k,834000,SVC-02,SVC-02 Servicing LLC,2026-07-07,SHAWBROOK,P-2024-B,refi
LN-000293,B-00015,Fixed,Refinance,11/09/2019,11/09/2026,"$771,000.00",348702.70,0.04253,84,10628.68,Current,60,2026-06-14,MD,45833,582,B,< 1 year,100-150k,1166000,SVC-06,SVC-06 Servicing LLC,2026-07-06,ENCOMPASS,P-2023-C,
LN-000294,B-00338,Fixed,Debt consolidation,12/28/2017,12/28/2022,"$156,000.00",127635.97,0.04043,60,2876.01,Current,0,2026-06-12,WI,8294,,A-,2 years,<50k,226000,SVC-01,SVC-01 Servicing LLC,2026-07-09,BLACKKNIGHT,P-2024-B,
LN-000295,B-00007,Fixed Rate,Cash-out refi,04/08/2018,04/08/2048,"$176,000.00",104608.12,0.08215,360,1317.90,Current,0,2026-07-03,MO,40023,590,B+,7 years,100-150k,207000,SVC-04,SVC-04 Servicing LLC,2026-07-19,LEGACY-AS400,P-2023-C,
LN-000296,B-00024,Fixed,Cash-out refi,31/09/2021,04/13/2053,"$511,000.00",470903.47,0.07785,360,3673.23,Current,0,2026-07-12,MI,20586,613,C,3 years,100-150k,730000,SVC-06,SVC-06 Servicing LLC,2026-07-18,BLACKKNIGHT,P-2023-C,escrow waived
LN-000297,B-00071,HELOC,Cash-out refi,03/03/2022,03/03/2052,"$525,500.00","$496,884.82",0.06063,360,3171.95,Current,0,2026-07-01,OH,75920,692,C,10+ years,100-150k,662000,SVC-06,SVC-06 Servicing LLC,2026-07-27,LEGACY-AS400,P-2024-B,
LN-000298,B-00271,Auto,Home improvement,01/01/2024,01/01/2054,"$570,000.00",497576.33,0.05855,360,3364.48,Current,0,2026-06-08,IN,32025,,B+,7 years,50-75k,906000,SVC-02,SVC-02 Servicing LLC,2026-07-06,ENCOMPASS,P-2024-A,escrow waived
LN-000299,B-00152,Fixed Rate,Refinance,12/06/2024,12/06/2039,"$423,500.00",224554.93,0.04109,180,3155.76,Current,0,2026-06-17,WI,40132,759,A-,2 years,<50k,593000,SVC-05,SVC-05 Servicing LLC,2026-07-19,ENCOMPASS,P-2024-B,escrow waived
LN-000300,B-00314,HELOC,Purchase,10/14/2017,10/14/2047,"$114,000.00",101081.61,0.04603,360,584.62,Current,0,2026-06-18,MA,27435,786,B+,10+ years,150-250k,129000,SVC-03,SVC-03 Servicing LLC,2026-07-07,SHAWBROOK,P-2023-C,
LN-000301,B-00217,HELOC,Debt consolidation,06/20/2019,06/20/2026,"$164,500.00",95719.11,0.05555,84,2368.17,Current,0,2026-07-12,NY,42235,703,A-,< 1 year,<50k,202000,SVC-03,SVC-03 Servicing LLC,2026-07-20,FISERV,P-2024-B,refi
LN-000302,B-00430,Adjustable Rate,Cash-out refi,03/18/2018,03/18/2023,"$493,000.00",403453.96,0.04773,60,9252.33,Current,0,2026-07-13,TX,57062,,B-,1 year,100-150k,618000,SVC-04,SVC-04 Servicing LLC,2026-07-20,FISERV,P-2023-C,see servicing file
LN-000303,B-00226,Fixed Rate,Refinance,01/08/2016,01/08/2046,"$623,000.00",522854.22,0.04117,360,3016.47,Current,0,2026-07-05,CA,16198,819,A,5 years,150-250k,988000,SVC-01,SVC-01 Servicing LLC,2026-07-08,FISERV,P-2023-C,
LN-000304,B-00064,HELOC,Home improvement,09/16/2022,09/16/2052,"$149,000.00",68969.80,0.08135,360,1107.36,Current,0,2026-07-07,TN,26549,613,B,2 years,<50k,189000,SVC-04,SVC-04 Servicing LLC,2026-07-22,LEGACY-AS400,P-2023-C,
LN-000305,B-00169,Auto,Refinance,17/12/2029,44912,"$216,000.00","$148,548.84",0.06822,84,3241.26,Current,0,2026-06-30,PA,76617,772,B,3 years,100-150k,248000,SVC-01,SVC-01 Servicing LLC,2026-07-07,LEGACY-AS400,P-2024-B,modified 2023
LN-000306,B-00101,Fixed,Refinance,08/28/2024,08/28/2054,"$49,500.00",41811.73,0.04873,360,285.92,Current,0,2026-06-04,GA,93264,,B-,3 years,150-250k,77000,SVC-01,SVC-01 Servicing LLC,2026-07-16,BLACKKNIGHT,P-2024-A,
LN-000307,B-00251,Fixed Rate,Debt consolidation,11/09/2021,11/09/2041,"$571,000.00",269620.01,0.06658,240,4310.50,Current,0,2026-07-23,Ontario,39079,673,C+,< 1 year,75-100k,714000,SVC-03,SVC-03 Servicing LLC,2026-07-26,FISERV,P-2023-C,
LN-000308,B-00096,Fixed Rate,Refinance,04/28/2015,04/28/2025,"$258,500.00",202389.60,0.05728,120,2834.70,Current,0,2026-06-14,TN,75010,620,B-,5 years,150-250k,411000,SVC-04,SVC-04 Servicing LLC,2026-07-21,SHAWBROOK,P-2024-B,escrow waived
LN-000309,B-00031,Fixed Rate,Cash-out refi,07/04/2017,07/04/2047,"$172,500.00",80447.20,0.06673,360,1110.02,Current,0,2026-07-22,WI,66012,616,B-,1 year,75-100k,252000,SVC-01,SVC-01 Servicing LLC,2026-07-23,FISERV,P-2023-C,escrow waived
LN-000310,B-00017,Fixed,Refinance,07/18/2024,07/18/2054,"$465,500.00",532963.25,0.06182,360,2845.61,Current,0,2026-06-26,VA,18055,,A-,1 year,150-250k,678000,SVC-04,SVC-04 Servicing LLC,2026-07-19,LEGACY-AS400,P-2024-B,escrow waived
LN-000311,B-00095,Adjustable Rate,Refinance,11/26/2019,11/26/2034,"$325,500.00",206121.80,0.06341,180,2807.08,Current,0,2026-06-18,GA,6742,702,A,5 years,75-100k,470000,, Servicing LLC,2026-07-31,SHAWBROOK,P-2024-B,see servicing file
LN-000312,B-00385,ARM,Home improvement,19/11/2020,11/19/2030,"$207,000.00",191813.83,0.08154,120,2528.36,Current,30,2026-07-01,CA,35305,806,B+,7 years,250k+,290000,SVC-02,SVC-02 Servicing LLC,2026-07-22,LEGACY-AS400,P-2024-B,see servicing file
LN-000313,B-00139,Fixed,Debt consolidation,10/11/2023,10/11/2038,"$661,000.00","$410,122.43",0.05260,180,5317.11,Current,0,2026-07-01,TX,94674,644,B+,2 years,75-100k,952000,SVC-05,SVC-05 Servicing LLC,2026-07-17,SHAWBROOK,P-2024-B,refi
LN-000314,B-00291,Fixed,Purchase,02/08/2024,02/08/2054,"$652,000.00",596597.95,0.04765,360,3407.04,Current,0,2026-06-28,NY,68798,45,C,3 years,<50k,911000,SVC-06,SVC-06 Servicing LLC,2026-07-17,FISERV,P-2023-C,
LN-000315,B-00297,Fixed Rate,Purchase,12/27/2021,12/27/2028,"$662,000.00",378855.72,0.06556,84,9848.28,Current,0,2026-07-06,WA,17271,612,B+,5 years,150-250k,871000,SVC-05,SVC-05 Servicing LLC,2026-07-19,SHAWBROOK,P-2024-A,
LN-000316,B-00361,Adjustable Rate,Cash-out refi,08/24/2021,08/24/2051,"$359,000.00",329072.91,0.07516,360,2514.11,Current,0,2026-06-19,NJ,33161,641,C+,1 year,50-75k,443000,SVC-02,SVC-02 Servicing LLC,2026-07-30,ENCOMPASS,P-2024-B,
LN-000317,B-00359,Adjustable Rate,Refinance,12/02/2019,12/02/2049,"$54,000.00",25056.70,0.04454,360,272.14,Current,0,2026-06-08,NC,02881,676,B+,10+ years,250k+,70000,SVC-05,SVC-05 Servicing LLC,2026-07-21,ENCOMPASS,P-2024-A,
LN-000318,B-00409,ARM,Debt consolidation,09/01/2019,09/01/2039,"$621,000.00",560618.21,0.05085,240,4127.54,Current,0,2026-06-18,MI,66908,,C,1 year,75-100k,745000,SVC-05,SVC-05 Servicing LLC,2026-07-09,LEGACY-AS400,P-2023-C,modified 2023
LN-000319,B-00324,Adjustable Rate,Refinance,05/06/2024,06/05/2054,"$378,000.00",315291.25,0.04314,360,1873.72,Current,0,2025-11-04,MA,83960,617,C+,3 years,250k+,455000,SVC-02,SVC-02 Servicing LLC,2025-12-02,ENCOMPASS,P-2024-A,escrow waived
LN-000320,B-00101,Personal,Debt consolidation,11/16/2024,11/16/2054,"$283,000.00",167353.42,6.214,360,1735.86,Current,0,2026-06-30,IN,27830,721,C+,2 years,50-75k,368000,SVC-04,SVC-04 Servicing LLC,2026-07-18,FISERV,P-2024-A,
LN-000321,B-00003,HELOC,Purchase,12/09/2017,12/09/2047,"$621,500.00","$559,904.82",0.05206,360,3415.03,Current,0,2026-05-31,WA,40614,677,B+,5 years,75-100k,798000,SVC-06,SVC-06 Servicing LLC,2026-07-14,BLACKKNIGHT,P-2024-A,escrow waived
LN-000322,B-00344,ARM,Refinance,03/25/2022,03/25/2027,"$533,000.00",275735.57,0.04313,60,9891.47,Current,0,2026-06-30,VA,33523,,A,5 years,75-100k,842000,SVC-01,SVC-01 Servicing LLC,2026-07-06,ENCOMPASS,P-2023-C,see servicing file
LN-000323,B-00380,Fixed,Home improvement,02/15/2021,02/15/2036,"$575,500.00",404636.82,0.05308,180,4643.89,Current,0,2026-06-05,FL,64674,666,B-,5 years,250k+,800000,SVC-01,SVC-01 Servicing LLC,2026-07-12,LEGACY-AS400,P-2023-C,
LN-000324,B-00181,ARM,Refinance,04/03/2024,04/03/2034,"$356,000.00",238777.65,0.08157,120,4348.85,Delinquent,45,2026-06-19,NC,24884,764,B,7 years,50-75k,536000,SVC-05,SVC-05 Servicing LLC,2026-07-28,FISERV,P-2023-C,
LN-000325,B-00227,ARM,Purchase,12/10/2018,12/10/2048,"$728,500.00",659012.35,0.05352,360,4068.95,Current,0,2026-07-12,IN,62188,819,C+,10+ years,250k+,1011000,SVC-05,SVC-05 Servicing LLC,2026-07-27,LEGACY-AS400,P-2024-B,escrow waived
LN-000326,B-00285,Auto,Home improvement,09/02/2019,02/09/2039,"$191,500.00",170534.05,0.05930,240,1364.24,Current,0,2026-06-09,NJ,9021X,,B-,3 years,100-150k,261000,SVC-03,SVC-03 Servicing LLC,2026-07-17,ENCOMPASS,P-2024-B,see servicing file
LN-000327,B-00088,Fixed Rate,Cash-out refi,11/01/2018,11/01/2048,"$327,000.00",270019.24,0.06188,360,2000.23,Current,0,2026-07-09,MA,83689,607,B-,3 years,250k+,475000,SVC-01,SVC-01 Servicing LLC,2026-07-26,ENCOMPASS,P-2024-A,see servicing file
LN-000328,B-00336,Adjustable Rate,Home improvement,06/28/2018,50584,"$552,500.00",406119.06,0.06962,240,4270.93,Current,0,2026-06-30,AZ,9392,687,C,1 year,150-250k,609000,SVC-01,SVC-01 Servicing LLC,2026-07-12,SHAWBROOK,P-2024-A,see servicing file
LN-000329,B-00439,Auto,Home improvement,07/13/2017,07/13/2032,"$129,500.00","$76,314.16",0.07926,180,1232.04,Current,0,2026-06-19,NJ,04042,598,C,2 years,100-150k,181000,SVC-03,SVC-03 Servicing LLC,2026-07-10,BLACKKNIGHT,P-2024-B,refi
LN-000330,B-00253,Adjustable Rate,Purchase,06/03/2018,06/03/2048,"$712,000.00",342146.66,0.07240,360,4852.27,Current,0,2026-06-20,PA,26529,,B+,5 years,75-100k,973000,SVC-03,SVC-03 Servicing LLC,2026-07-31,BLACKKNIGHT,P-2024-A,
LN-000331,B-00375,Fixed Rate,Refinance,10/08/2017,10/08/2037,"$789,500.00",627677.11,0.04413,240,4957.77,Current,75,2026-07-03,MO,28184,761,B+,< 1 year,100-150k,1178000,SVC-02,SVC-02 Servicing LLC,2026-07-15,LEGACY-AS400,P-2023-C,modified 2023
LN-000332,B-00206,Auto,Home improvement,03/13/2022,03/13/2032,"$80,500.00",pending,0.07250,120,1032.60,Default,90,2026-07-25,MO,93026,750,C+,1 year,250k+,110000,SVC-01,SVC-01 Servicing LLC,2026-07-25,FISERV,P-2024-A,modified 2023
LN-000333,B-00324,Fixed Rate,Debt consolidation,06/01/2021,06/01/2031,"$205,500.00",105581.94,0.04565,120,2136.21,Current,0,2026-07-13,WA,31074,589,A-,2 years,150-250k,244000,SVC-01,SVC-01 Servicing LLC,2026-07-22,ENCOMPASS,P-2024-B,refi
LN-000334,B-00190,HELOC,Home improvement,05/01/2016,05/01/2026,"$402,000.00",212188.08,0.04577,120,4181.20,Current,0,2026-06-19,NC,13211,,C,2 years,150-250k,547000,SVC-06,SVC-06 Servicing LLC,2026-07-27,BLACKKNIGHT,P-2024-A,escrow waived
LN-000335,B-00274,HELOC,Purchase,01/01/1900,04/13/2021,"$471,000.00",349859.79,0.04884,60,8863.34,Current,0,2026-06-20,CA,29775,611,B+,1 year,250k+,645000,SVC-06,SVC-06 Servicing LLC,2026-07-07,FISERV,P-2024-B,escrow waived
LN-000336,B-00358,Fixed,Purchase,12/12/2018,12/12/2048,"$747,000.00",432269.90,0.07938,600,5448.97,Current,0,2026-07-26,MO,32229,803,A,3 years,150-250k,844000,SVC-01,SVC-01 Servicing LLC,2026-07-28,SHAWBROOK,P-2024-B,escrow waived
LN-000337,B-00342,Auto,Purchase,31/02/2024,11/20/2048,"$408,500.00","$286,607.48",0.06447,360,2567.78,Current,0,2026-06-14,MD,60101,751,B+,3 years,75-100k,463000,SVC-05,SVC-05 Servicing LLC,2026-07-11,BLACKKNIGHT,P-2023-C,see servicing file
LN-000338,B-00162,Auto,Purchase,01/12/2022,01/12/2029,"$533,000.00",307923.25,0.06274,84,7856.56,Current,0,2026-06-28,IL,24079,,B-,< 1 year,150-250k,681000,SVC-01,SVC-01 Servicing LLC,2026-07-15,LEGACY-AS400,P-2024-B,modified 2023
LN-000339,B-00183,Auto,Debt consolidation,06/19/2016,06/19/2046,"$314,500.00",212385.51,0.05228,360,1732.40,Current,0,2026-07-02,IN,50949,808,A,5 years,75-100k,453000,SVC-03,SVC-03 Servicing LLC,2026-07-15,FISERV,P-2024-A,
LN-000340,B-00436,Fixed Rate,Debt consolidation,04/09/2019,04/09/2029,"$258,000.00",166565.11,0.04381,120,2659.10,Current,0,2026-06-25,Ontario,50761,711,C,7 years,50-75k,408000,SVC-04,SVC-04 Servicing LLC,2026-07-16,BLACKKNIGHT,P-2024-A,modified 2023
LN-000341,B-00090,Adjustable Rate,Home improvement,02/21/2018,02/21/2028,"$179,500.00",103761.66,0.03872,120,1806.45,Current,0,2026-07-22,MD,47814,732,A,10+ years,75-100k,200000,SVC-03,SVC-03 Servicing LLC,2026-07-28,FISERV,P-2023-C,modified 2023
LN-000342,B-00025,Personal,Purchase,02/07/2016,02/07/2046,"$145,000.00",96386.35,0.07882,360,1052.06,Paid Off,0,2026-07-04,GA,21783,,B,7 years,100-150k,191000,SVC-06,SVC-06 Servicing LLC,2026-07-12,ENCOMPASS,P-2023-C,modified 2023
LN-000343,B-00345,Fixed,Cash-out refi,03/01/2015,03/01/2020,"$630,000.00",509868.63,0.05337,60,11986.39,Current,0,2026-06-05,IN,14087,767,C+,7 years,<50k,834000,SVC-01,SVC-01 Servicing LLC,2026-07-17,BLACKKNIGHT,P-2024-B,
LN-000344,B-00028,Auto,Home improvement,10/17/2017,10/17/2037,"$114,000.00",89020.71,0.05433,240,779.88,Default,120,2026-07-06,NY,27920,772,C+,1 year,50-75k,170000,SVC-02,SVC-02 Servicing LLC,2026-07-19,LEGACY-AS400,P-2024-A,
LN-000345,B-00211,HELOC,Debt consolidation,05/20/2021,05/20/2051,"$304,500.00","$258,056.68",0.05342,360,1698.85,Current,0,2026-06-03,NJ,6400,730,C,7 years,100-150k,452000,SVC-01,SVC-01 Servicing LLC,2026-07-10,BLACKKNIGHT,P-2024-A,refi
LN-000346,B-00029,Fixed,Refinance,08/19/2015,08/19/2025,"$617,500.00",288287.85,0.04432,120,6379.45,Current,0,2026-06-02,TN,01926,,A-,10+ years,250k+,805000,SVC-01,SVC-01 Servicing LLC,2026-07-13,FISERV,P-2024-B,modified 2023
LN-000347,B-00172,Fixed Rate,Debt consolidation,09/13/2024,09/13/2054,"$826,500.00",932223.86,0.07971,360,6047.86,Current,0,2026-07-16,MA,87314,594,C,1 year,150-250k,987000,SVC-06,SVC-06 Servicing LLC,2026-07-30,FISERV,P-2024-A,
LN-000348,B-00084,HELOC,Refinance,07/04/2019,07/04/2034,"$537,500.00",257923.87,0.06582,180,4706.47,Current,0,2026-07-23,MA,06581,809,A,1 year,<50k,668000,SVC-05,SVC-05 Servicing LLC,2026-07-26,LEGACY-AS400,P-2024-A,modified 2023
LN-000349,B-00231,Fixed,Cash-out refi,01/09/2016,01/09/2046,"$404,500.00",191827.07,0.04440,360,2035.15,Current,0,2026-06-24,VA,08273,669,C+,5 years,250k+,633000,SVC-04,SVC-04 Servicing LLC,2026-07-28,LEGACY-AS400,P-2024-A,modified 2023
LN-000350,B-00097,Fixed,Refinance,01/24/2016,01/24/2036,"$650,000.00",296950.17,0.05428,240,4444.88,Current,15,2026-07-25,NY,15017,,B-,7 years,250k+,723000,SVC-06,SVC-06 Servicing LLC,2026-07-29,ENCOMPASS,P-2023-C,escrow waived
LN-000351,B-00013,Personal,Cash-out refi,10/10/2019,10/10/2049,"$348,500.00",312779.78,0.03768,360,1617.52,Current,0,2026-06-17,MO,75654,671,B+,7 years,50-75k,537000,SVC-03,SVC-03 Servicing LLC,2026-07-22,FISERV,P-2024-A,see servicing file
LN-000352,B-00039,Auto,Home improvement,08/17/2019,08/17/2049,"$294,000.00",183826.81,0.07823,360,2121.10,Current,0,2026-06-22,NY,28649,759,B,1 year,75-100k,328000,SVC-03,SVC-03 Servicing LLC,2026-07-22,LEGACY-AS400,P-2024-A,
LN-000353,B-00134,Personal,Refinance,04/19/2024,04/19/2029,"$396,500.00","$315,349.43",0.06962,60,7844.07,Current,0,2026-06-20,NC,80090,704,A-,7 years,100-150k,574000,SVC-05,SVC-05 Servicing LLC,2026-07-08,LEGACY-AS400,P-2024-B,see servicing file
LN-000354,B-00287,HELOC,Home improvement,07/14/2016,07/14/2021,"$619,000.00",506787.38,0.06774,60,12191.05,Current,0,2026-06-06,WA,40982,,B,7 years,<50k,689000,SVC-01,SVC-01 Servicing LLC,2026-07-06,FISERV,P-2023-C,refi
LN-000355,B-00197,Fixed Rate,Home improvement,06/26/2017,06/26/2024,"$200,000.00",141306.08,0.05701,84,2893.13,Current,0,2026-06-25,WA,67960,685,A-,5 years,<50k,237000,SVC-05,SVC-05 Servicing LLC,2026-07-11,BLACKKNIGHT,P-2024-A,
LN-000356,B-00116,HELOC,Purchase,04/14/2021,04/14/2051,"$197,500.00",108133.40,0.05126,360,1075.48,Current,0,2026-06-13,MI,14403,813,C,2 years,150-250k,247000,SVC-01,SVC-01 Servicing LLC,2026-07-11,SHAWBROOK,P-2024-B,
LN-000357,B-00410,HELOC,Cash-out refi,09/13/2022,09/13/2027,"$268,000.00",165995.48,0.07766,60,5404.11,Current,0,2026-06-22,PA,18779,749,C+,2 years,100-150k,417000,SVC-02,SVC-02 Servicing LLC,2026-07-22,ENCOMPASS,P-2024-B,
LN-000358,B-00406,ARM,Purchase,06/23/2018,06/23/2025,"$195,000.00",148566.27,0.04430,84,2938.32,Current,0,2025-11-25,PA,83413,,A-,2 years,75-100k,270000,SVC-02,SVC-02 Servicing LLC,2025-12-21,BLACKKNIGHT,P-2024-B,
LN-000359,B-00016,Personal,Cash-out refi,06/14/2023,06/14/2030,"$326,500.00",166870.51,0.05040,84,4620.86,Current,0,2026-06-12,FL,76460,683,B,7 years,50-75k,365000,SVC-05,SVC-05 Servicing LLC,2026-07-10,BLACKKNIGHT,P-2024-A,see servicing file
LN-000360,B-00009,Adjustable Rate,Cash-out refi,10/23/2019,10/23/2049,"$481,000.00",336604.00,0.06892,360,3165.29,Current,0,2026-07-08,MA,16847,699,B,7 years,<50k,666000,SVC-01,SVC-01 Servicing LLC,2026-07-21,ENCOMPASS,P-2023-C,
LN-000361,B-00269,Auto,Purchase,10/25/2022,10/25/2052,"$386,000.00","$340,453.66",0.05784,360,2260.94,Current,0,2026-07-02,IN,45575,780,A-,7 years,<50k,510000,SVC-05,SVC-05 Servicing LLC,2026-07-09,BLACKKNIGHT,P-2023-C,modified 2023
LN-000362,B-00142,Fixed Rate,Debt consolidation,02/15/2019,02/15/2049,"$490,000.00",322208.73,0.05178,360,2683.99,Default,90,2026-07-13,MA,61128,,C+,7 years,75-100k,719000,SVC-05,SVC-05 Servicing LLC,2026-07-16,FISERV,P-2024-A,
LN-000363,B-00462,HELOC,Home improvement,07/01/2021,07/01/2051,"$392,500.00",199970.08,0.04253,360,1931.55,Current,0,2026-06-02,MD,19002,780,B+,5 years,100-150k,543000,SVC-05,SVC-05 Servicing LLC,2026-07-10,LEGACY-AS400,P-2024-A,
LN-000364,B-00462,Personal,Home improvement,11/20/2021,11/20/2031,"$415,500.00",386524.23,0.08185,120,5081.87,Current,0,2026-06-26,NC,62869,725,C,2 years,50-75k,598000,SVC-06,SVC-06 Servicing LLC,2026-07-28,ENCOMPASS,P-2024-B,
LN-000365,B-00241,Fixed Rate,Purchase,10/24/2021,10/24/2031,"$214,000.00",136518.75,0.05843,120,2359.00,Current,0,2026-07-09,FL,77709,618,C,5 years,100-150k,294000,SVC-03,SVC-03 Servicing LLC,2026-07-23,LEGACY-AS400,P-2024-B,see servicing file
LN-000366,B-00343,Fixed,Cash-out refi,07/05/2022,07/05/2037,"$764,500.00",369370.74,0.06564,180,6686.54,Current,0,2026-06-27,WI,95154,,A-,3 years,<50k,1099000,SVC-06,SVC-06 Servicing LLC,2026-07-10,BLACKKNIGHT,P-2024-B,
LN-000367,B-00412,ARM,Cash-out refi,10/15/2023,10/15/2030,"$787,000.00",496871.91,0.07122,84,11924.93,Current,0,2026-07-10,CA,47611,793,A,5 years,250k+,913000,SVC-04,SVC-04 Servicing LLC,2026-07-26,BLACKKNIGHT,P-2024-A,
LN-000368,B-00355,Auto,Purchase,05/27/2024,05/27/2039,"$448,500.00",226415.93,0.05796,180,3735.45,Current,0,2026-07-27,PA,60972,726,B-,1 year,100-150k,587000,SVC-04,SVC-04 Servicing LLC,2026-07-29,FISERV,P-2024-A,
LN-000369,B-00096,Fixed,Cash-out refi,07/23/2017,07/23/2047,"$503,000.00","$344,231.58",0.06699,360,3245.41,Current,15,2026-06-10,NJ,52823,808,C,2 years,50-75k,760000,SVC-04,SVC-04 Servicing LLC,2026-07-07,LEGACY-AS400,P-2024-B,escrow waived
LN-000370,B-00115,Adjustable Rate,Cash-out refi,03/26/2019,03/26/2024,"$179,000.00",130081.69,0.05523,60,3421.01,Current,0,2026-06-12,TN,49051,,B,3 years,75-100k,282000,SVC-04,SVC-04 Servicing LLC,2026-07-17,BLACKKNIGHT,P-2023-C,
LN-000371,B-00339,Personal,Cash-out refi,09/08/2020,09/08/2050,"$732,000.00",538151.78,0.07505,360,5120.76,Current,0,2026-05-28,FL,32611,661,A,10+ years,150-250k,1070000,SVC-05,SVC-05 Servicing LLC,2026-07-07,SHAWBROOK,P-2023-C,
LN-000372,B-00368,Fixed Rate,Debt consolidation,01/10/2015,01/10/2045,"$150,500.00",104386.60,0.04433,360,756.58,Current,0,2026-06-16,OH,31890,676,A,10+ years,<50k,195000,SVC-01,SVC-01 Servicing LLC,2026-07-14,BLACKKNIGHT,P-2024-A,
LN-000373,B-00277,ARM,Debt consolidation,01/19/2022,01/19/2037,"$180,500.00",99393.16,0.06410,180,1563.43,Current,0,2026-05-31,N/A,37436,646,B,5 years,150-250k,251000,SVC-02,SVC-02 Servicing LLC,2026-07-07,BLACKKNIGHT,P-2024-A,
LN-000374,B-00306,Fixed Rate,Refinance,12/13/2020,12/13/2025,"$608,500.00",432475.10,0.06188,60,11817.28,Current,0,2026-06-16,PA,42999,,B+,3 years,75-100k,868000,SVC-04,SVC-04 Servicing LLC,2026-07-09,FISERV,P-2024-B,modified 2023
LN-000375,B-00090,Fixed Rate,Home improvement,07/09/2017,07/09/2037,"$592,500.00",435849.16,0.05121,240,3949.95,Current,0,2026-07-01,MD,60084,805,B,7 years,<50k,758000,SVC-02,SVC-02 Servicing LLC,2026-07-19,BLACKKNIGHT,P-2023-C,
LN-000376,B-00153,Personal,Debt consolidation,08/11/2020,08/11/2050,"$81,000.00",71294.64,0.04227,360,397.38,Current,0,2026-07-20,FL,86014,816,A,7 years,50-75k,94000,SVC-06,SVC-06 Servicing LLC,2026-07-20,ENCOMPASS,P-2023-C,
,B-00283,Fixed,Refinance,03/25/2019,03/25/2039,"$243,500.00","$135,762.52",0.04801,240,1580.34,Current,0,2026-07-08,NY,11927,751,B,2 years,250k+,292000,SVC-04,SVC-04 Servicing LLC,2026-07-10,BLACKKNIGHT,P-2024-A,
LN-000378,B-00220,Auto,Debt consolidation,31/02/2024,02/02/2051,"$744,000.00",360526.87,0.07196,360,5048.17,Current,0,2026-05-29,MD,39417,,C,5 years,250k+,1065000,SVC-06,SVC-06 Servicing LLC,2026-07-10,SHAWBROOK,P-2024-A,
LN-000379,B-00376,HELOC,Home improvement,04/23/2024,04-2049,"$730,500.00",572099.78,0.05207,360,4014.41,Current,0,2026-06-14,NC,81058,755,B-,5 years,75-100k,988000,SVC-02,SVC-02 Servicing LLC,2026-07-21,FISERV,P-2023-C,
LN-000380,B-00141,Fixed,Home improvement,11/07/2021,11/07/2026,"$752,500.00",609946.85,0.04490,60,14025.45,Current,0,2026-06-07,NC,01876,705,B,< 1 year,100-150k,994000,SVC-03,SVC-03 Servicing LLC,2026-07-16,BLACKKNIGHT,P-2023-C,see servicing file
LN-000381,B-00315,Auto,Refinance,03/14/2019,03/14/2049,"$287,500.00",232009.94,0.06832,360,1880.42,Current,0,2026-07-08,WA,06784,740,A,10+ years,75-100k,321000,SVC-05,SVC-05 Servicing LLC,2026-07-12,LEGACY-AS400,P-2023-C,refi
LN-000382,B-00354,Auto,Refinance,11/06/2017,11/06/2047,"$247,500.00",192465.17,0.08080,360,1829.89,Current,0,2026-06-03,IN,04097,,C+,7 years,150-250k,392000,SVC-02,SVC-02 Servicing LLC,2026-07-06,SHAWBROOK,P-2023-C,escrow waived
LN-000383,B-00252,Personal,Debt consolidation,02/06/2020,02/06/2050,"$521,000.00",422971.68,0.07140,360,3515.35,Current,0,2026-06-22,MO,01604,706,C+,< 1 year,100-150k,593000,SVC-01,SVC-01 Servicing LLC,2026-07-29,LEGACY-AS400,P-2024-B,refi
LN-000384,B-00467,Fixed Rate,Cash-out refi,05/01/2021,05/01/2051,"$448,000.00",521793.80,0.06683,360,3132.48,Current,0,2026-06-21,MO,85471,700,B-,< 1 year,75-100k,581000,SVC-05,SVC-05 Servicing LLC,2026-07-13,LEGACY-AS400,P-2024-A,
LN-000385,B-00017,Adjustable Rate,Cash-out refi,11/19/2021,11/19/2051,"$822,000.00","$664,000.45",0.04465,360,4147.88,Current,0,2026-06-15,MD,07975,900,B,10+ years,75-100k,1153000,SVC-05,SVC-05 Servicing LLC,2026-07-06,BLACKKNIGHT,P-2024-A,
LN-000386,B-00216,Auto,Debt consolidation,05/01/2018,05/01/2028,"$434,500.00",243377.46,0.07947,120,5259.52,Current,0,2026-07-18,TN,49506,,A,1 year,<50k,543000,SVC-02,SVC-02 Servicing LLC,2026-07-22,LEGACY-AS400,P-2024-B,see servicing file
LN-000387,B-00279,Personal,Home improvement,10/24/2022,10/24/2037,"$589,500.00",299245.24,0.04934,180,4641.49,Current,0,2026-07-11,MA,35868,642,C,< 1 year,100-150k,720000,SVC-06,SVC-06 Servicing LLC,2026-07-22,BLACKKNIGHT,P-2023-C,see servicing file
LN-000388,B-00268,Fixed,Refinance,09/16/2021,09/16/2031,"$514,500.00",378037.90,0.06631,120,5876.39,Current,0,2026-06-22,IN,85015,638,C,1 year,<50k,628000,SVC-04,SVC-04 Servicing LLC,2026-07-22,BLACKKNIGHT,P-2024-A,modified 2023
LN-000389,B-00202,Adjustable Rate,Purchase,02/27/2019,02/27/2039,"$711,500.00",462767.71,0.05488,240,4889.50,Current,0,2026-07-07,IL,87125,754,B-,7 years,<50k,985000,SVC-02,SVC-02 Servicing LLC,2026-07-12,SHAWBROOK,P-2023-C,
LN-000390,B-00307,Adjustable Rate,Debt consolidation,01/27/2019,01/27/2026,"$509,500.00",384010.40,0.07051,84,7702.43,Current,0,2026-07-06,MA,73258,,B-,5 years,<50k,593000,SVC-02,SVC-02 Servicing LLC,2026-07-07,LEGACY-AS400,P-2024-B,see servicing file
LN-000391,B-00109,Adjustable Rate,Purchase,07/25/2018,07/25/2048,"$644,500.00",523427.44,0.05247,360,3557.76,Current,0,2026-06-23,MO,06511,781,C+,5 years,100-150k,717000,SVC-06,SVC-06 Servicing LLC,2026-07-28,SHAWBROOK,P-2023-C,refi
LN-000392,B-00203,ARM,Home improvement,06/23/2024,06/23/2031,"$642,500.00",566997.55,0.05374,84,9194.38,Current,0,2026-07-07,MO,45905,791,B,3 years,<50k,761000,SVC-03,SVC-03 Servicing LLC,2026-07-13,SHAWBROOK,P-2024-B,
LN-000393,B-00072,Personal,Home improvement,10/01/2022,10/01/2042,"$416,000.00","$371,298.73",0.07975,240,3473.12,Current,0,2026-07-16,WA,38606,609,A,< 1 year,150-250k,587000,SVC-05,SVC-05 Servicing LLC,2026-07-28,SHAWBROOK,P-2024-B,
LN-000394,B-00331,Auto,Refinance,05/26/2024,05/26/2044,"$269,500.00",195776.24,0.06373,240,1989.22,Current,0,2026-07-03,FL,31504,,C+,5 years,<50k,324000,SVC-06,SVC-06 Servicing LLC,2026-07-28,SHAWBROOK,P-2024-A,
LN-000395,B-00019,ARM,Home improvement,03/14/2016,03/14/2046,"$836,500.00",451987.12,0.06564,360,5322.51,Paid Off,45,2026-05-28,WI,45433,598,B,2 years,<50k,925000,SVC-03,SVC-03 Servicing LLC,2026-07-11,FISERV,P-2024-B,see servicing file
LN-000396,B-00093,ARM,Debt consolidation,10/26/2015,10/26/2045,"$92,500.00",63880.75,0.04923,360,492.22,Current,0,2026-06-27,AZ,67521,674,B+,10+ years,50-75k,103000,SVC-02,SVC-02 Servicing LLC,2026-07-22,BLACKKNIGHT,P-2023-C,refi
LN-000397,B-00179,Adjustable Rate,Home improvement,08/02/2015,08/02/2035,"$79,000.00",42782.16,0.07472,240,635.07,Current,0,2025-11-09,WA,77055,716,A,< 1 year,<50k,95000,SVC-02,SVC-02 Servicing LLC,2025-12-11,LEGACY-AS400,P-2023-C,escrow waived
LN-000398,B-00201,Fixed,Refinance,12/28/2026,12/28/2019,"$707,000.00",399974.58,0.05003,84,9993.67,Current,0,2026-06-27,AZ,59137,,A-,5 years,75-100k,1101000,SVC-01,SVC-01 Servicing LLC,2026-07-08,LEGACY-AS400,P-2024-B,escrow waived
LN-000399,B-00187,Adjustable Rate,Home improvement,02/13/2017,02/13/2027,"$806,500.00",763141.52,0.04504,120,8359.99,Current,0,2026-06-07,IN,66830,592,B+,1 year,75-100k,1271000,SVC-06,SVC-06 Servicing LLC,2026-07-21,BLACKKNIGHT,P-2023-C,see servicing file
LN-000400,B-00454,ARM,Purchase,04/19/2017,04/19/2047,"$356,000.00",270442.01,0.06630,360,2280.68,Current,0,2026-06-22,WI,19910,657,B+,3 years,100-150k,455000,SVCX,SVCX Servicing LLC,2026-07-21,ENCOMPASS,P-2024-A,escrow waived
LN-000401,B-00116,HELOC,Cash-out refi,10/01/2018,10/01/2048,"$285,000.00","$205,551.87",0.05230,360,1570.25,Current,0,2026-07-03,NC,26472,817,C+,7 years,100-150k,335000,SVC-01,SVC-01 Servicing LLC,2026-07-24,FISERV,P-2023-C,see servicing file
LN-000402,B-00322,Personal,Cash-out refi,04/28/2021,04/28/2026,"$495,500.00",245275.80,0.04975,60,9345.02,Current,0,2026-07-16,MI,85594,,B-,1 year,50-75k,762000,SVC-04,SVC-04 Servicing LLC,2026-07-22,ENCOMPASS,P-2024-A,
LN-000403,B-00173,Fixed,Debt consolidation,12/20/2024,12/20/2044,"$47,500.00",28040.78,0.06160,240,344.70,Current,0,2026-06-29,CA,56710,729,B+,5 years,100-150k,56000,SVC-03,SVC-03 Servicing LLC,2026-07-24,LEGACY-AS400,P-2024-B,
LN-000404,B-00047,Auto,Debt consolidation,09/03/2018,09/03/2023,"$554,000.00",346761.52,0.05485,60,10578.21,Current,0,2026-06-22,WA,69354,643,A-,2 years,50-75k,854000,SVC-01,SVC-01 Servicing LLC,2026-07-14,LEGACY-AS400,P-2023-C,modified 2023
LN-000405,B-00054,ARM,Cash-out refi,04/10/2022,04/10/2052,"$194,500.00",152951.98,0.06992,360,1292.97,Current,0,2026-06-08,MA,54187,796,C+,7 years,250k+,270000,SVC-06,SVC-06 Servicing LLC,2026-07-16,ENCOMPASS,P-2024-B,
LN-000406,B-00269,Fixed,Home improvement,06/12/2020,06/12/2027,"$229,000.00",143430.28,0.04462,84,3179.09,Current,0,2026-06-12,XX,49291,,C,< 1 year,50-75k,320000,SVC-05,SVC-05 Servicing LLC,2026-07-26,BLACKKNIGHT,P-2023-C,modified 2023
LN-000407,B-00134,Fixed Rate,Debt consolidation,11/24/2018,11/24/2048,"$727,000.00",341120.25,0.05236,360,4008.22,Current,0,2026-06-26,MA,27096,591,C+,10+ years,<50k,1036000,SVC-06,SVC-06 Servicing LLC,2026-07-07,FISERV,P-2024-A,
LN-000408,B-00257,Auto,Debt consolidation,09/07/2016,09/07/2023,"$424,000.00",286183.62,0.07962,84,6600.53,Default,120,2026-07-08,NJ,68452,712,B+,7 years,<50k,517000,SVC-06,SVC-06 Servicing LLC,2026-07-08,ENCOMPASS,P-2024-B,modified 2023
LN-000409,B-00219,HELOC,Refinance,10/12/2024,10/12/2054,"$767,500.00","$638,078.47",0.07976,360,5618.81,Current,0,2026-06-26,TN,52524,581,A-,2 years,<50k,1100000,SVC-06,SVC-06 Servicing LLC,2026-07-21,BLACKKNIGHT,P-2024-B,refi
LN-000410,B-00184,Fixed Rate,Home improvement,02/07/2021,02/07/2041,"$593,500.00",320580.57,0.05699,240,4432.89,Current,0,2026-06-12,MA,47245,,C+,7 years,100-150k,856000,SVC-01,SVC-01 Servicing LLC,2026-07-17,SHAWBROOK,P-2023-C,
LN-000411,B-00333,ARM,Refinance,11/28/2019,11/28/2039,"$545,500.00",435749.13,0.04959,240,3587.71,Current,0,2026-06-21,MO,21861,757,B+,5 years,250k+,663000,SVC-06,SVC-06 Servicing LLC,2026-07-27,LEGACY-AS400,P-2024-A,modified 2023
LN-000412,B-00334,Fixed Rate,Debt consolidation,04/20/2021,04/20/2051,"$178,000.00",153221.91,0.05703,360,1033.45,Current,0,2026-07-17,AZ,87682,810,B+,1 year,250k+,223000,SVC-01,SVC-01 Servicing LLC,2026-07-23,ENCOMPASS,P-2023-C,see servicing file
LN-000413,B-00230,Adjustable Rate,Refinance,01/01/2015,01/01/2020,"$619,000.00",348220.11,0.06661,60,12158.18,Current,0,2026-06-30,TN,96969,678,B-,7 years,100-150k,861000,SVC-06,SVC-06 Servicing LLC,2026-07-08,ENCOMPASS,P-2024-B,
LN-000414,B-00419,Fixed Rate,Home improvement,03/24/2024,03/24/2031,"$425,500.00",257100.38,0.04128,84,5841.18,Current,0,2026-06-07,WI,29997,,B-,5 years,<50k,492000,SVC-01,SVC-01 Servicing LLC,2026-07-10,SHAWBROOK,P-2024-B,
LN-000415,B-00398,Adjustable Rate,Debt consolidation,07/15/2017,07/15/2047,"$188,000.00",137457.06,0.04284,360,928.59,Current,0,2026-07-01,WA,48256,772,B,2 years,150-250k,239000,SVC-05,SVC-05 Servicing LLC,2026-07-22,BLACKKNIGHT,P-2024-A,
LN-000416,B-00034,ARM,Debt consolidation,10/26/2018,10/26/2025,"$63,500.00",38217.02,0.04026,84,868.73,Current,0,2026-06-25,MD,94170,800,A-,< 1 year,75-100k,93000,SVC-06,SVC-06 Servicing LLC,2026-07-30,FISERV,P-2023-C,
LN-000417,B-00161,Personal,Purchase,12/21/2024,12/21/2031,"$76,000.00","$54,166.96",0.05982,84,1109.59,Current,0,2026-06-16,NY,24722,632,C,7 years,250k+,111000,SVC-04,SVC-04 Servicing LLC,2026-07-08,BLACKKNIGHT,P-2023-C,
LN-000418,B-00338,Adjustable Rate,Debt consolidation,10/25/2022,10/25/2052,"$287,000.00",143907.26,0.08026,360,2111.11,Current,0,2026-06-01,CA,19644,,B+,1 year,100-150k,453000,SVC-06,SVC-06 Servicing LLC,2026-07-07,FISERV,P-2023-C,
LN-000419,B-00412,Fixed Rate,Cash-out refi,31/04/2023,03/06/2050,"$805,000.00",445278.27,0.05326,360,4483.21,Current,0,2026-06-23,MD,49903,798,C,< 1 year,150-250k,1120000,SVC-04,SVC-04 Servicing LLC,2026-07-20,BLACKKNIGHT,P-2024-B,escrow waived
LN-000420,B-00119,Personal,Cash-out refi,07/24/2018,07/24/2025,"$255,500.00",127314.99,0.06278,84,3766.63,Default,90,2026-06-20,NJ,46408,710,C,7 years,250k+,306000,SVC-02,SVC-02 Servicing LLC,2026-07-09,LEGACY-AS400,P-2023-C,escrow waived
LN-000421,B-00097,Personal,Debt consolidation,06/12/2020,06/12/2035,"$517,000.00",576659.28,0.07482,180,4787.37,Current,0,2026-06-20,NC,37017,755,B+,7 years,150-250k,757000,SVC-03,SVC-03 Servicing LLC,2026-07-10,ENCOMPASS,P-2023-C,
LN-000422,B-00262,Fixed,Debt consolidation,05/04/2019,05/04/2029,"$182,500.00",134078.85,0.04845,120,1921.90,Current,0,2026-06-10,WI,75821,,A,10+ years,100-150k,241000,SVC-06,SVC-06 Servicing LLC,2026-07-06,BLACKKNIGHT,P-2024-A,escrow waived
LN-000423,B-00296,Auto,Debt consolidation,01/23/2018,01/23/2048,"$589,000.00",446244.86,0.07586,360,4153.11,Current,0,2026-07-01,TN,99510,603,B,3 years,100-150k,868000,SVC-04,SVC-04 Servicing LLC,2026-07-25,BLACKKNIGHT,P-2023-C,
LN-000424,B-00032,HELOC,Refinance,12/05/2021,12/05/2051,"$647,000.00",569833.80,0.07195,360,4389.57,Current,0,2026-07-19,NC,53053,723,B-,1 year,100-150k,880000,SVC-04,SVC-04 Servicing LLC,2026-07-26,ENCOMPASS,P-2023-C,
LN-000425,B-00222,Auto,Purchase,02/13/2023,02/13/2038,"$589,000.00","$509,744.78",0.07730,180,5537.37,Current,0,2026-07-03,FL,10345,645,A,3 years,150-250k,681000,SVC-02,SVC-02 Servicing LLC,2026-07-18,FISERV,P-2024-A,escrow waived
LN-000426,B-00253,HELOC,Refinance,11/28/2019,11/28/2049,"$160,500.00",136111.38,0.08038,360,1181.95,Current,0,2026-06-04,MA,45073,,B-,3 years,50-75k,227000,SVC-02,SVC-02 Servicing LLC,2026-07-07,LEGACY-AS400,P-2024-B,see servicing file
LN-000427,B-00103,Adjustable Rate,Home improvement,03/06/2024,03/06/2044,"$309,000.00",179412.16,0.04036,240,1878.35,Current,0,2026-06-15,VA,04417,785,A-,2 years,75-100k,351000,SVC-01,SVC-01 Servicing LLC,2026-07-13,SHAWBROOK,P-2024-B,refi
LN-000428,B-00431,Personal,Purchase,05/10/2018,05/10/2023,"$118,000.00",65258.14,0.06636,60,2316.33,Current,0,2026-06-17,IN,28371,800,C+,5 years,50-75k,132000,SVC-04,SVC-04 Servicing LLC,2026-07-30,LEGACY-AS400,P-2024-A,modified 2023
LN-000429,B-00035,HELOC,Purchase,08/10/2024,08/10/2039,"$45,500.00",42152.45,0.06740,180,402.38,Current,0,2026-07-09,AZ,09687,649,C,2 years,250k+,65000,SVC-04,SVC-04 Servicing LLC,2026-07-21,LEGACY-AS400,P-2023-C,escrow waived
LN-000430,B-00028,Personal,Refinance,11/19/2023,11/19/2030,"$658,000.00",499250.53,0.06136,84,9655.39,Current,0,2026-07-09,AZ,50398,,A,7 years,100-150k,928000,SVC-02,SVC-02 Servicing LLC,2026-07-21,SHAWBROOK,P-2024-B,
LN-000431,B-00200,Fixed Rate,Purchase,11/26/2022,11/26/2032,"$74,000.00",58301.83,0.06916,120,856.00,Current,0,2026-07-04,MI,52385,762,B-,2 years,75-100k,101000,SVC-05,SVC-05 Servicing LLC,2026-07-10,BLACKKNIGHT,P-2024-B,see servicing file
LN-000432,B-00246,ARM,Home improvement,02/22/2019,02/22/2049,"$583,000.00",383941.42,0.08046,360,4296.56,Current,0,2026-07-26,IL,38409,739,A,2 years,100-150k,656000,SVC-04,SVC-04 Servicing LLC,2026-07-29,FISERV,P-2024-B,see servicing file
LN-000433,B-00214,HELOC,Home improvement,10/23/2019,10/23/2024,"$624,000.00","$384,716.26",0.05661,60,11965.55,Current,0,2026-06-09,WA,26550,691,B+,< 1 year,75-100k,738000,SVC-03,SVC-03 Servicing LLC,2026-07-06,BLACKKNIGHT,P-2024-A,modified 2023
LN-000434,B-00289,HELOC,Debt consolidation,12/10/2015,12/10/2020,"$614,500.00",320150.52,0.03774,60,11254.39,Current,0,2026-07-16,OH,48853,,C,7 years,75-100k,972000,SVC-05,SVC-05 Servicing LLC,2026-07-22,SHAWBROOK,P-2024-A,refi
LN-000435,B-00312,Personal,Cash-out refi,09/26/2023,09/26/2030,"$436,000.00",260415.28,0.07058,84,6592.78,Default,120,2026-06-27,NJ,19982,805,C,< 1 year,150-250k,594000,SVC-02,SVC-02 Servicing LLC,2026-07-29,BLACKKNIGHT,P-2024-A,see servicing file
LN-000436,B-00048,Adjustable Rate,Debt consolidation,06/24/2016,06/24/2036,"$296,000.00",153192.80,0.04230,240,1998.66,Current,0,2025-08-17,FL,06263,807,A-,3 years,75-100k,365000,SVC-02,SVC-02 Servicing LLC,2025-08-20,FISERV,P-2024-A,
LN-000358,B-00232,ARM,Refinance,11/04/2024,11/04/2054,"$688,500.00",509058.90,0.05943,360,4102.71,Default,90,2026-07-01,NY,53546,671,B,3 years,150-250k,960000,SVC-05,SVC-05 Servicing LLC,2026-07-19,LEGACY-AS400,P-2023-C,
LN-000438,B-00339,Personal,Purchase,12/03/2022,12/03/2037,"$338,500.00",260092.58,0.04342,180,2562.25,Current,0,2026-07-04,IN,82591,,C,< 1 year,75-100k,468000,SVC-01,SVC-01 Servicing LLC,2026-07-27,SHAWBROOK,P-2024-A,see servicing file
LN-000439,B-00244,Fixed Rate,Purchase,08/20/2024,08/20/2054,"$632,500.00",321202.13,0.04584,360,3236.43,Current,0,2026-06-27,XX,64652,682,C+,1 year,50-75k,849000,SVC-06,SVC-06 Servicing LLC,2026-07-12,LEGACY-AS400,P-2024-A,
LN-000440,B-00021,Fixed Rate,Purchase,03/21/2022,03/21/2029,"$202,000.00",151709.72,0.04032,84,2764.08,Current,0,2026-07-16,MD,95344,592,A-,7 years,75-100k,274000,SVC-06,SVC-06 Servicing LLC,2026-07-22,ENCOMPASS,P-2023-C,modified 2023
LN-000441,B-00280,ARM,Home improvement,09/09/2024,09/09/2039,"$122,000.00","$64,816.07",0.07291,180,1116.51,Current,0,2026-06-30,GA,26106,663,C+,3 years,100-150k,148000,SVC-05,SVC-05 Servicing LLC,2026-07-07,LEGACY-AS400,P-2024-A,
LN-000442,B-00456,Adjustable Rate,Purchase,05/28/2021,05/28/2026,"$363,500.00",181473.65,0.07627,60,7305.75,Current,0,2026-06-28,TX,21787,758,B+,< 1 year,<50k,519000,SVC-06,SVC-06 Servicing LLC,2026-07-07,SHAWBROOK,P-2024-A,refi
LN-000443,B-00459,Fixed Rate,Home improvement,07/10/2024,07/10/2054,"$732,500.00",456298.79,0.06099,360,4438.44,Current,0,2026-06-20,TN,25581,710,A-,< 1 year,250k+,826000,SVC-02,SVC-02 Servicing LLC,2026-07-23,FISERV,P-2024-B,escrow waived
LN-000444,B-00152,HELOC,Debt consolidation,04/17/2016,04/17/2026,"$152,000.00",139600.14,0.04382,120,1566.67,Current,0,2026-06-28,NC,49659,720,C+,5 years,50-75k,170000,SVC-06,SVC-06 Servicing LLC,2026-07-26,LEGACY-AS400,P-2023-C,
LN-000445,B-00072,Personal,Debt consolidation,08/04/2022,08/04/2037,"$174,000.00",107534.70,0.05027,180,1378.43,Current,0,2026-06-02,NJ,49456,814,B-,2 years,100-150k,245000,SVC-06,SVC-06 Servicing LLC,2026-07-09,FISERV,P-2024-B,
LN-000446,B-00153,Auto,Home improvement,10/06/2017,10/06/2032,"$688,500.00",534955.10,0.06315,180,5927.77,Current,0,2026-07-20,MI,46208,581,C,5 years,150-250k,844000,SVC-04,SVC-04 Servicing LLC,2026-07-31,SHAWBROOK,P-2023-C,refi
LN-000447,B-00426,Fixed,Debt consolidation,08/05/2023,08/05/2053,"$807,500.00",605132.10,0.04098,360,3900.89,Current,0,2026-06-16,MI,74312,635,C+,2 years,100-150k,1273000,SVC-06,SVC-06 Servicing LLC,2026-07-19,SHAWBROOK,P-2023-C,
LN-000448,B-00171,HELOC,Cash-out refi,02/25/2019,02/25/2049,"$320,000.00",186836.93,0.06203,360,1960.52,Current,0,2026-06-01,CA,70340,668,B,3 years,<50k,428000,SVC-03,SVC-03 Servicing LLC,2026-07-13,SHAWBROOK,P-2024-A,modified 2023
LN-000449,B-00266,Auto,Home improvement,11/17/2024,11/17/2031,"$188,500.00","$168,192.33",0.07394,84,2881.41,Current,0,2026-07-18,GA,14138,772,B+,10+ years,75-100k,296000,SVC-03,SVC-03 Servicing LLC,2026-07-23,FISERV,P-2023-C,refi
LN-000450,B-00422,HELOC,Purchase,07/11/2017,07/11/2024,"$204,000.00",160793.71,0.08034,84,3183.04,Current,0,2026-06-27,MI,18892,625,C,< 1 year,100-150k,292000,SVC-01,SVC-01 Servicing LLC,2026-07-31,SHAWBROOK,P-2024-A,
LN-000451,B-00186,ARM,Cash-out refi,12/21/2018,12/21/2048,"$249,000.00",233781.51,0.06435,360,1563.22,Current,0,2026-06-22,NY,83896,715,A-,2 years,75-100k,342000,SVC-05,SVC-05 Servicing LLC,2026-07-19,ENCOMPASS,P-2023-C,
LN-000452,B-00162,Fixed,Refinance,09/18/2019,09/18/2026,"$282,000.00",224314.13,0.05289,84,4024.17,Current,0,2026-06-16,IL,91749,759,C,7 years,100-150k,336000,SVC-02,SVC-02 Servicing LLC,2026-07-19,LEGACY-AS400,P-2024-B,modified 2023
LN-000453,B-00453,Fixed Rate,Refinance,02/03/2016,02/03/2026,"$360,000.00",292518.93,0.07277,120,4231.48,Current,0,2026-06-18,TX,92151,709,B+,3 years,150-250k,445000,SVC-05,SVC-05 Servicing LLC,2026-07-31,LEGACY-AS400,P-2024-B,
LN-000454,B-00324,Fixed,Cash-out refi,06/06/2024,06/06/2039,"$363,500.00",259844.41,0.06917,180,3250.40,Current,0,2026-06-26,NC,01462,656,C+,2 years,250k+,410000,SVC-03,SVC-03 Servicing LLC,2026-07-10,FISERV,P-2023-C,
LN-000455,B-00380,Fixed,Debt consolidation,04/28/2024,04/28/2031,"$826,500.00",441601.16,0.07029,84,12485.82,Current,0,2026-06-11,NJ,95184,709,B+,10+ years,250k+,1209000,SVC-05,SVC-05 Servicing LLC,2026-07-09,ENCOMPASS,P-2024-A,
LN-000456,B-00426,HELOC,Refinance,03/03/2018,03/03/2023,"$190,500.00",123690.40,0.05442,60,3633.67,Current,0,2026-06-03,NC,34598,805,A,10+ years,50-75k,243000,SVC-02,SVC-02 Servicing LLC,2026-07-17,FISERV,P-2023-C,refi
LN-000457,B-00438,ARM,Purchase,06/26/2022,06/26/2052,"$570,000.00","$366,143.09",0.03902,360,2689.16,Current,0,2026-07-09,IL,25912,593,A,2 years,50-75k,856000,SVC-02,SVC-02 Servicing LLC,2026-07-20,FISERV,P-2024-B,
LN-000458,B-00322,Personal,Purchase,04/09/2024,04/09/2031,"$89,500.00",43903.89,0.04850,84,1258.69,Delinquent,60,2026-07-08,GA,08036,674,A,7 years,50-75k,108000,SVC-03,SVC-03 Servicing LLC,2026-07-24,SHAWBROOK,P-2024-A,
LN-000459,B-00391,Fixed Rate,Cash-out refi,07/16/2019,07/16/2039,"$692,500.00",619422.02,0.05521,240,4771.84,Current,0,2026-07-04,FL,22774,697,B-,10+ years,<50k,988000,SVC-05,SVC-05 Servicing LLC,2026-07-08,FISERV,P-2023-C,
LN-000460,B-00089,Fixed,Debt consolidation,31/04/2023,12/13/2027,"$799,500.00",710181.40,0.04599,60,14941.11,Current,0,2026-06-18,WA,12330,810,B-,2 years,50-75k,1209000,SVC-05,SVC-05 Servicing LLC,2026-07-12,LEGACY-AS400,P-2024-A,
LN-000461,B-00128,Fixed,Refinance,03/19/2019,03/19/2049,"$95,500.00",78906.61,0.04308,360,473.05,Current,0,2026-07-02,MI,33097,751,C,2 years,<50k,135000,SVC-02,SVC-02 Servicing LLC,2026-07-11,BLACKKNIGHT,P-2023-C,
LN-000462,B-00437,HELOC,Purchase,05/27/2022,05/27/2052,"$542,500.00",299315.78,0.07839,360,4241.86,Current,0,2026-07-10,TX,77661,600,B+,1 year,150-250k,787000,SVC-04,SVC-04 Servicing LLC,2026-07-11,LEGACY-AS400,P-2023-C,
LN-000463,B-00167,Fixed,Cash-out refi,02/05/2022,02/05/2032,"$379,000.00",313068.18,0.07982,120,4594.71,Current,0,2026-06-15,TN,98887,743,B,2 years,250k+,533000,SVC-03,SVC-03 Servicing LLC,2026-07-09,LEGACY-AS400,P-2023-C,modified 2023
LN-000464,B-00169,Auto,Cash-out refi,01/07/2016,01/07/2021,"$239,000.00",149760.62,0.04950,60,4504.75,Current,0,2026-07-04,FL,40912,721,A,1 year,100-150k,303000,SVC-02,SVC-02 Servicing LLC,2026-07-15,FISERV,P-2024-A,
LN-000465,B-00466,ARM,Home improvement,08/26/2016,08/26/2026,"$674,000.00","$371,682.71",0.03959,120,6810.80,Current,0,2026-06-29,WA,48069,793,B+,10+ years,50-75k,1051000,SVC-06,SVC-06 Servicing LLC,2026-07-15,SHAWBROOK,P-2024-A,see servicing file
LN-000466,B-00353,Adjustable Rate,Purchase,09/21/2019,09/21/2049,"$172,000.00",110102.85,0.06586,360,1096.90,Current,0,2026-06-09,TX,17534,653,B+,7 years,100-150k,197000,SVC-05,SVC-05 Servicing LLC,2026-07-11,ENCOMPASS,P-2023-C,
LN-000467,B-00437,Fixed,Debt consolidation,09/21/2015,09/21/2030,"$183,000.00",156445.66,0.07634,180,1710.40,Current,0,2026-06-23,IL,50251,792,B-,1 year,250k+,233000,SVC-04,SVC-04 Servicing LLC,2026-07-18,LEGACY-AS400,P-2023-C,
LN-000468,B-00185,Personal,Cash-out refi,11/01/2023,11/01/2033,"$562,500.00",443307.96,0.04229,120,5756.46,Current,0,2026-07-24,VA,81797,811,A,10+ years,100-150k,649000,SVC-03,SVC-03 Servicing LLC,2026-07-30,BLACKKNIGHT,P-2023-C,modified 2023
LN-000469,B-00012,Fixed,Debt consolidation,08/18/2022,08/18/2027,"$755,500.00",587758.09,0.08111,60,15358.98,Current,0,2026-06-26,WI,83419,623,B,1 year,150-250k,1147000,SVC-01,SVC-01 Servicing LLC,2026-07-29,BLACKKNIGHT,P-2023-C,refi
LN-000470,B-00093,Auto,Refinance,03/02/2024,03/02/2029,"$114,000.00",105549.53,0.07456,60,2281.94,Current,0,2026-06-05,MI,37522,697,B-,10+ years,250k+,132000,SVC-01,SVC-01 Servicing LLC,2026-07-06,LEGACY-AS400,P-2024-B,
LN-000471,B-00023,HELOC,Debt consolidation,11/13/2024,11/13/2054,"$57,500.00",45868.85,0.06789,360,374.44,Current,0,2026-07-08,GA,31303,584,A,1 year,50-75k,65000,SVC-06,SVC-06 Servicing LLC,2026-07-30,FISERV,P-2023-C,
LN-000472,B-00100,Fixed Rate,Home improvement,03/27/2020,03/27/2050,"$636,000.00",542914.50,0.08035,360,4682.27,Current,0,2026-07-13,GA,36451,713,A-,3 years,250k+,770000,SVC-05,SVC-05 Servicing LLC,2026-07-24,BLACKKNIGHT,P-2024-B,see servicing file
LN-000473,B-00052,Fixed,Cash-out refi,03/08/2017,03/08/2047,"$315,000.00","$222,328.23",0.04458,360,1588.21,Default,120,2026-06-20,TX,02382,744,C+,3 years,<50k,386000,SVC-06,SVC-06 Servicing LLC,2026-07-19,FISERV,P-2024-B,escrow waived
LN-000474,B-00307,Personal,Debt consolidation,02/22/2021,02/22/2051,"$211,000.00",179848.59,0.05347,360,1177.86,Current,0,2026-07-04,WI,97031,793,B,2 years,50-75k,241000,SVC-05,SVC-05 Servicing LLC,2026-07-31,SHAWBROOK,P-2024-A,refi
LN-000475,B-00123,Personal,Cash-out refi,12/14/2021,12/14/2041,"$453,000.00",363439.16,0.06803,240,3458.74,Current,0,2026-07-14,IN,74665,602,A,< 1 year,250k+,565000,SVC-04,SVC-04 Servicing LLC,2026-07-28,FISERV,P-2024-B,
LN-000476,B-00230,Auto,Refinance,05/09/2024,05/09/2029,"$240,000.00",121271.08,0.08243,60,4894.29,Current,0,2026-05-30,MI,84490,644,B,< 1 year,<50k,382000,SVC-06,SVC-06 Servicing LLC,2026-07-13,FISERV,P-2024-B,
LN-000477,B-00412,Personal,Debt consolidation,07/05/2015,07/05/2045,"$478,500.00",238133.37,0.04397,360,2395.29,Delinquent,45,2026-07-05,MI,40690,803,B+,3 years,<50k,665000,SVC-06,SVC-06 Servicing LLC,2026-07-09,BLACKKNIGHT,P-2024-A,
LN-000478,B-00270,ARM,Cash-out refi,09/03/2024,09/03/2054,"$630,000.00",475400.11,0.03981,360,3000.82,Current,0,2026-07-07,VA,97199,594,A-,3 years,<50k,906000,SVC-03,SVC-03 Servicing LLC,2026-07-26,LEGACY-AS400,P-2024-B,
LN-000479,B-00424,Fixed,Cash-out refi,12/21/2020,12/21/2030,"$368,000.00",330585.67,0.08243,120,4512.25,Current,0,2026-07-05,NY,70096,702,A-,1 year,50-75k,582000,SVC-02,SVC-02 Servicing LLC,2026-07-11,FISERV,P-2023-C,
LN-000480,B-00356,ARM,Refinance,05/25/2016,05/25/2021,"$518,000.00",269529.94,0.07839,60,10463.30,Current,0,2026-07-11,NY,68111,680,B-,10+ years,75-100k,660000,SVC-05,SVC-05 Servicing LLC,2026-07-27,LEGACY-AS400,P-2024-A,escrow waived
LN-000481,B-00366,Fixed Rate,Purchase,10/25/2024,10/25/2054,"$142,000.00",102951.70,0.07573,360,999.99,Current,0,2026-07-03,WA,36388,688,A,1 year,150-250k,214000,SVC-03,SVC-03 Servicing LLC,2026-07-09,FISERV,P-2023-C,escrow waived
LN-000482,B-00323,HELOC,Purchase,02/28/2020,02/28/2050,"$399,500.00",257676.44,0.07632,360,2829.56,Current,0,2026-06-28,IN,14940,582,C,5 years,150-250k,550000,SVC-04,SVC-04 Servicing LLC,2026-07-30,FISERV,P-2024-A,refi
LN-000483,B-00373,Personal,Home improvement,01/01/2023,01/01/2033,"$299,000.00",268530.11,0.05432,120,3234.87,Current,0,2026-06-08,IL,47815,804,C,< 1 year,50-75k,330000,SVC-06,SVC-06 Servicing LLC,2026-07-19,BLACKKNIGHT,P-2024-A,escrow waived
LN-000484,B-00376,Personal,Debt consolidation,04/06/2020,04/06/2030,"$822,500.00",728623.41,0.05599,120,8966.69,Current,0,2026-06-30,WI,33044,754,C+,7 years,<50k,1115000,SVC-06,SVC-06 Servicing LLC,2026-07-24,ENCOMPASS,P-2023-C,refi
LN-000485,B-00143,Fixed,Home improvement,11/28/2020,11/28/2040,"$710,500.00",471961.15,0.04576,240,4524.17,Current,0,2026-06-19,OH,94944,771,A,< 1 year,<50k,1023000,SVC-04,SVC-04 Servicing LLC,2026-07-22,FISERV,P-2024-B,escrow waived
LN-000486,B-00412,Adjustable Rate,Home improvement,06/24/2019,06/24/2026,"$727,000.00",659608.81,0.04724,84,10181.33,Current,0,2026-06-14,IL,71346,672,C+,2 years,250k+,948000,SVC-03,SVC-03 Servicing LLC,2026-07-14,LEGACY-AS400,P-2024-B,
LN-000487,B-00049,HELOC,Debt consolidation,05/03/2019,05/03/2049,"$754,000.00",586512.11,0.04745,360,3930.95,Current,0,2026-06-28,NJ,45624,661,B,2 years,100-150k,841000,SVC-02,SVC-02 Servicing LLC,2026-07-17,SHAWBROOK,P-2023-C,
LN-000488,B-00237,Personal,Purchase,12/06/2019,12/06/2039,"$786,500.00",429418.60,0.04056,240,4789.28,Current,0,2026-07-07,TX,56374,617,A,10+ years,75-100k,1080000,SVC-03,SVC-03 Servicing LLC,2026-07-12,ENCOMPASS,P-2023-C,escrow waived
LN-000489,B-00156,Personal,Refinance,09/21/2023,09/21/2030,"$812,000.00",630488.89,0.06127,84,11911.65,Current,0,2026-06-21,NJ,50481,704,B-,3 years,<50k,1058000,SVC-04,SVC-04 Servicing LLC,2026-07-21,BLACKKNIGHT,P-2023-C,see servicing file
LN-000490,B-00131,Fixed,Debt consolidation,09/21/2023,09/21/2028,"$789,500.00",687251.40,0.08154,60,16066.46,Delinquent,60,2026-06-15,NC,84106,793,C+,< 1 year,75-100k,996000,SVC-03,SVC-03 Servicing LLC,2026-07-24,FISERV,P-2024-B,escrow waived
LN-000491,B-00286,Auto,Refinance,08/01/2022,08/01/2042,"$409,500.00",190355.17,0.05816,240,2890.48,Current,0,2026-06-17,WA,58216,730,C+,7 years,250k+,631000,SVC-03,SVC-03 Servicing LLC,2026-07-12,ENCOMPASS,P-2024-B,
LN-000492,B-00138,Auto,Purchase,09/27/2018,09/27/2048,"$614,000.00",580427.08,0.06222,360,3769.33,Current,0,2026-07-04,NJ,85937,775,B,10+ years,<50k,744000,SVC-04,SVC-04 Servicing LLC,2026-07-24,SHAWBROOK,P-2024-A,
LN-000493,B-00227,Personal,Debt consolidation,04/15/2018,04/15/2048,"$395,500.00",289629.72,0.04583,360,2023.49,Current,0,2026-06-16,NY,87703,706,A-,3 years,50-75k,564000,SVC-01,SVC-01 Servicing LLC,2026-07-11,BLACKKNIGHT,P-2023-C,see servicing file
LN-000494,B-00410,ARM,Home improvement,11/24/2021,11/24/2051,"$544,500.00",512985.32,0.08109,360,4036.80,Current,0,2026-06-20,TX,91337,627,A-,< 1 year,50-75k,628000,SVC-02,SVC-02 Servicing LLC,2026-07-28,BLACKKNIGHT,P-2024-A,
LN-000495,B-00354,Adjustable Rate,Debt consolidation,10/05/2024,10/05/2054,"$703,000.00",346112.41,0.03786,360,3270.08,Current,0,2026-06-24,IL,77812,617,B,5 years,150-250k,923000,SVC-02,SVC-02 Servicing LLC,2026-07-21,BLACKKNIGHT,P-2024-A,
LN-000496,B-00313,ARM,Cash-out refi,05/28/2024,05/28/2054,"$795,500.00",475596.60,0.04671,360,4111.91,Current,0,2026-06-24,WA,23009,644,C,7 years,100-150k,886000,SVC-01,SVC-01 Servicing LLC,2026-07-25,ENCOMPASS,P-2024-A,
LN-000497,B-00158,Auto,Refinance,11/21/2022,11/21/2032,"$566,500.00",375386.53,0.06856,120,6535.58,Current,0,2026-06-23,PA,03446,680,B,2 years,<50k,782000,SVC-06,SVC-06 Servicing LLC,2026-07-10,SHAWBROOK,P-2023-C,modified 2023
LN-000498,B-00038,Fixed,Refinance,10/26/2022,10/26/2052,"$428,000.00",336147.98,0.03795,360,1993.08,Current,0,2026-07-02,MA,87505,695,A,3 years,250k+,634000,SVC-01,SVC-01 Servicing LLC,2026-07-14,BLACKKNIGHT,P-2023-C,
LN-000499,B-00370,ARM,Cash-out refi,09/05/2018,09/05/2038,"$407,000.00",218498.24,0.05482,240,2795.57,Current,0,2026-06-28,MI,91299,737,A-,< 1 year,<50k,564000,SVC-02,SVC-02 Servicing LLC,2026-07-30,FISERV,P-2024-A,
LN-000500,B-00358,Fixed Rate,Debt consolidation,02/17/2018,02/17/2048,"$428,000.00",193702.17,0.04297,360,2117.30,Current,0,2026-07-08,AZ,11744,795,B-,3 years,100-150k,500000,SVC-05,SVC-05 Servicing LLC,2026-07-10,LEGACY-AS400,P-2024-B,refi
